PID,DATA_YEAR,LIVING_AREA,YR_REMODELLED,BED_ROOMS,REMODEL_YEAR,living_area_diff,bedrooms_diff
100028000,2019,3275.0,2015.0,8.0,2015.0,899.0,2.0
100035000,2020,2806.0,2018.0,5.0,2018.0,-14.0,2.0
100058000,2018,3651.0,2015.0,11.0,2015.0,-189.0,3.0
100105000,2018,3402.0,2016.0,8.0,2016.0,-275.0,2.0
100262000,2018,2722.0,2011.0,10.0,2011.0,-158.0,2.0
100377000,2018,1570.0,2012.0,4.0,2012.0,-198.0,2.0
100455000,2020,3362.0,2018.0,9.0,2018.0,95.0,3.0
100501000,2018,1584.0,2015.0,4.0,2015.0,72.0,1.0
100576000,2023,2594.0,2021.0,6.0,2021.0,0.0,1.0
100639000,2018,2412.0,2016.0,5.0,2016.0,0.0,1.0
100708000,2018,1645.0,2013.0,4.0,2013.0,9.0,1.0
101093000,2022,3740.0,2020.0,9.0,2020.0,0.0,1.0
101103000,2022,2126.0,2020.0,4.0,2020.0,530.0,1.0
101778000,2018,3478.0,2015.0,11.0,2015.0,0.0,5.0
101891000,2022,2471.1,2019.0,5.0,2019.0,145.0999999999999,2.0
101930000,2020,3616.0,2017.0,9.0,2017.0,711.0,4.0
102082000,2023,3572.45,2021.0,4.0,2021.0,33.44999999999982,1.0
102314000,2022,1786.0,2020.0,5.0,2020.0,0.0,2.0
102531000,2018,2314.0,2016.0,6.0,2019.0,0.0,2.0
102574000,2018,3724.0,2015.0,6.0,2015.0,1742.0,1.0
102591000,2018,1896.0,2014.0,6.0,2014.0,-24.0,2.0
102592000,2018,1896.0,2014.0,6.0,2014.0,-24.0,2.0
102691000,2022,1953.0,2020.0,4.0,2020.0,0.0,1.0
102709000,2018,3194.0,2015.0,8.0,2015.0,-18.0,2.0
102758000,2022,3666.0,2018.0,11.0,2018.0,90.0,2.0
102839000,2018,2952.0,2016.0,8.0,2016.0,112.0,2.0
102913000,2018,1739.0,2016.0,5.0,2016.0,174.0,1.0
102925000,2018,1596.0,2016.0,6.0,2016.0,0.0,4.0
102925000,2019,1596.0,2017.0,6.0,2017.0,0.0,4.0
102977000,2022,1648.8,2019.0,4.0,2019.0,268.79999999999995,1.0
102983000,2022,1992.25,2020.0,5.0,2020.0,764.25,1.0
103037000,2018,4446.0,2016.0,12.0,2016.0,639.0,3.0
103185000,2022,2916.0,2019.0,11.0,2019.0,0.0,3.0
103219000,2018,2838.0,2014.0,8.0,2014.0,0.0,4.0
103302000,2018,4373.0,2016.0,9.0,2016.0,1052.0,1.0
103383000,2022,1618.7,2020.0,2.0,2020.0,-45.299999999999955,1.0
103397000,2020,3373.0,2018.0,8.0,2018.0,545.0,4.0
103400000,2019,3704.0,2017.0,9.0,2017.0,0.0,4.0
103648002,2019,4244.0,2017.0,8.0,2017.0,0.0,2.0
103648002,2020,4244.0,2018.0,8.0,2018.0,0.0,2.0
103850000,2019,1800.0,2010.0,4.0,2010.0,0.0,1.0
103953000,2018,2964.0,2013.0,8.0,2013.0,-636.0,2.0
103982000,2023,3640.0,2021.0,10.0,2021.0,0.0,2.0
104080000,2020,3684.0,2018.0,8.0,2018.0,0.0,2.0
104286000,2022,1492.0,2020.0,3.0,2020.0,84.0,1.0
104310000,2018,2302.0,2016.0,4.0,2016.0,98.0,2.0
104652000,2022,4326.4,2020.0,7.0,2020.0,983.3999999999996,1.0
104729000,2013,2892.0,1984.0,7.0,2017.0,0.0,2.0
104729000,2013,2892.0,1984.0,7.0,2016.0,0.0,2.0
104815000,2022,5640.6,2019.0,7.0,2019.0,1092.6000000000004,1.0
104926000,2018,2450.0,2015.0,6.0,2015.0,-10.0,2.0
105004000,2023,2050.0,2022.0,4.0,2022.0,586.0,2.0
105006000,2018,2361.0,2013.0,6.0,2013.0,-54.0,1.0
105142000,2018,1917.0,2014.0,6.0,2014.0,3.0,2.0
105180000,2018,1809.0,2014.0,3.0,2014.0,433.0,1.0
105193000,2018,1592.0,2015.0,5.0,2015.0,0.0,2.0
105222000,2023,5460.0,2021.0,9.0,2021.0,0.0,3.0
105307000,2018,2850.0,2016.0,8.0,2016.0,542.0,2.0
105592000,2022,1896.0,2020.0,6.0,2020.0,0.0,2.0
105594000,2018,1502.0,1979.0,6.0,2019.0,43.0,2.0
105623000,2018,2790.0,2013.0,6.0,2013.0,-24.0,2.0
105748000,2018,2463.0,2015.0,6.0,2015.0,-183.0,3.0
105977000,2020,1923.0,2018.0,5.0,2018.0,0.0,2.0
106047000,2020,2784.0,2009.0,6.0,2021.0,0.0,3.0
106047000,2023,2934.0,2021.0,7.0,2021.0,150.0,1.0
106067000,2018,3066.0,2002.0,6.0,2019.0,0.0,2.0
106238000,2018,1038.0,2012.0,3.0,2012.0,50.0,1.0
106281000,2019,2529.0,2017.0,8.0,2017.0,0.0,5.0
106281000,2020,2529.0,2018.0,6.0,2018.0,0.0,3.0
106427000,2022,3204.0,2019.0,6.0,2019.0,-287.0,1.0
106427005,2019,3744.0,2017.0,10.0,2017.0,219.0,2.0
106660000,2011,2949.0,2009.0,10.0,2009.0,0.0,4.0
106660000,2018,3866.0,2011.0,11.0,2011.0,917.0,5.0
106663000,2018,3352.0,2014.0,9.0,2014.0,0.0,3.0
106686000,2018,3569.0,2016.0,11.0,2016.0,168.0,2.0
106709000,2018,4157.0,2011.0,11.0,2011.0,725.0,5.0
106819000,2019,2471.0,2017.0,7.0,2017.0,240.0,1.0
106820000,2018,2480.0,2012.0,8.0,2012.0,116.0,3.0
106842000,2022,2385.0,2019.0,6.0,2019.0,660.0,2.0
106870000,2018,2205.0,2013.0,5.0,2013.0,0.0,2.0
106933000,2018,3231.0,2013.0,10.0,2013.0,-9.0,4.0
106971000,2020,3060.0,2018.0,8.0,2018.0,108.0,2.0
107011000,2022,3255.0,2019.0,9.0,2019.0,0.0,2.0
107017000,2019,1119.0,2017.0,3.0,2017.0,-15.0,1.0
107048000,2020,3834.0,2018.0,14.0,2018.0,0.0,7.0
107057000,2022,2559.0,2020.0,10.0,2020.0,-24.0,4.0
200139000,2023,2250.0,2021.0,4.0,2021.0,474.0,1.0
200176000,2019,2489.0,2017.0,4.0,2017.0,1229.0,1.0
200205000,2022,1735.0,2020.0,4.0,2020.0,0.0,1.0
200227000,2020,1930.0,2010.0,4.0,2010.0,241.0,1.0
200227000,2022,1929.6,2019.0,4.0,2019.0,139.5999999999999,1.0
200234000,2018,3047.0,2012.0,5.0,2012.0,246.0,1.0
200257000,2018,1214.0,2012.0,4.0,2012.0,201.0,1.0
200350000,2018,2290.0,2012.0,4.0,2012.0,316.0,1.0
200350000,2022,2290.4,2016.0,4.0,2016.0,190.4000000000001,1.0
200388000,2022,2204.4,2017.0,3.0,2017.0,313.4000000000001,1.0
200406000,2019,2715.0,2017.0,4.0,2017.0,0.0,1.0
200426000,2012,3484.0,2010.0,5.0,2010.0,-6.0,1.0
200426000,2019,4566.0,2010.0,6.0,2020.0,1082.0,1.0
200429001,2020,4519.0,2018.0,7.0,2018.0,1087.0,1.0
200509000,2018,2232.0,2014.0,3.0,2014.0,0.0,1.0
200585000,2013,1314.0,2002.0,4.0,2017.0,21.0,1.0
200588010,2018,1464.0,2016.0,3.0,2016.0,-15.0,1.0
200597000,2018,1830.0,2010.0,3.0,2010.0,-6.0,1.0
200658000,2019,1308.0,2017.0,3.0,2017.0,-26.0,1.0
200664000,2019,825.0,2017.0,2.0,2017.0,50.0,1.0
200673000,2011,1518.0,2009.0,3.0,2009.0,0.0,1.0
200731000,2023,1279.0,2021.0,4.0,2021.0,0.0,1.0
200732000,2022,1353.0,2020.0,3.0,2020.0,0.0,1.0
200914000,2023,2484.0,2021.0,4.0,2021.0,-12.0,1.0
200937000,2023,2276.0,2021.0,5.0,2021.0,0.0,1.0
200976300,2013,3417.0,2011.0,7.0,2011.0,517.0,2.0
201073000,2018,2437.0,2014.0,4.0,2014.0,3.0,1.0
201118000,2013,2250.0,2011.0,4.0,2011.0,0.0,1.0
201123000,2012,2719.0,2010.0,5.0,2010.0,87.0,1.0
201162000,2022,2164.0,2020.0,5.0,2020.0,0.0,2.0
201193000,2020,2502.0,2018.0,4.0,2018.0,96.0,1.0
201196000,2013,3012.0,2007.0,5.0,2018.0,0.0,2.0
201338000,2022,1796.0,2019.0,3.0,2019.0,-242.0,1.0
201406000,2013,3366.0,2011.0,6.0,2011.0,0.0,1.0
201410000,2018,3989.0,2016.0,7.0,2016.0,2357.0,3.0
201518001,2020,8742.0,2018.0,12.0,2018.0,7570.0,9.0
201532000,2022,1701.0,2019.0,4.0,2019.0,9.0,1.0
201627000,2018,1478.0,2013.0,4.0,2013.0,433.0,1.0
201633000,2020,3216.0,2017.0,5.0,2017.0,902.0,2.0
201716000,2018,2385.0,2016.0,5.0,2016.0,-138.0,2.0
201727000,2018,1381.0,2015.0,4.0,2015.0,-30.0,1.0
201731000,2020,2040.0,2018.0,4.0,2018.0,0.0,1.0
201740000,2019,1767.0,2016.0,3.0,2016.0,627.0,1.0
202019000,2019,1740.0,2017.0,7.0,2017.0,0.0,2.0
202026000,2018,2859.0,2016.0,5.0,2016.0,795.0,1.0
202062000,2019,2852.0,2017.0,6.0,2017.0,-60.0,3.0
202078000,2018,2288.0,2016.0,5.0,2016.0,82.0,3.0
202779000,2022,2572.2,2019.0,4.0,2019.0,-36.80000000000018,1.0
202782000,2018,1817.0,2015.0,4.0,2015.0,578.0,1.0
202785000,2022,1926.4,2018.0,4.0,2018.0,-13.599999999999909,1.0
202816000,2023,1617.0,2021.0,3.0,2021.0,0.0,1.0
202838000,2019,3606.0,2017.0,7.0,2017.0,0.0,1.0
203001000,2018,2136.0,2014.0,4.0,2014.0,0.0,1.0
203052000,2018,2085.0,2014.0,5.0,2014.0,189.0,2.0
203052000,2019,2036.0,2017.0,5.0,2017.0,140.0,2.0
203135000,2018,2534.0,2015.0,4.0,2015.0,67.0,1.0
203152000,2019,2022.0,2016.0,3.0,2016.0,-180.0,1.0
203173000,2020,2122.0,2018.0,4.0,2018.0,-1.0,1.0
203190000,2019,1275.0,2017.0,3.0,2017.0,-6.0,1.0
203192000,2022,2550.0,2019.0,4.0,2019.0,348.0,1.0
203192000,2023,2550.0,2021.0,4.0,2021.0,348.0,1.0
203235005,2022,2792.0,2020.0,4.0,2020.0,0.0,1.0
203255000,2011,1498.0,2009.0,3.0,2009.0,448.0,1.0
203255000,2012,1736.0,2010.0,5.0,2010.0,686.0,3.0
203300000,2018,2826.0,2013.0,4.0,2013.0,-253.0,1.0
203378000,2023,3152.0,2021.0,4.0,2021.0,911.0,2.0
203417000,2018,1491.0,2013.0,4.0,2013.0,129.0,2.0
203441000,2022,2026.8,2019.0,3.0,2019.0,-0.20000000000004547,1.0
203482000,2023,2047.5,2021.0,3.0,2021.0,-0.5,1.0
203493000,2018,2344.0,2013.0,4.0,2013.0,-70.0,2.0
203669002,2018,1911.0,2014.0,3.0,2014.0,0.0,1.0
203685002,2018,2896.0,2012.0,4.0,2012.0,186.0,1.0
203685002,2013,2710.0,1994.0,5.0,2018.0,-186.0,1.0
203708000,2012,2349.0,2010.0,4.0,2010.0,-307.0,1.0
203777000,2019,2330.0,2017.0,4.0,2017.0,0.0,1.0
203899000,2018,4242.0,2013.0,6.0,2013.0,-68.0,1.0
300131000,2018,4177.0,2016.0,5.0,2016.0,-659.0,1.0
300159000,2020,970.0,2019.0,4.0,2019.0,0.0,1.0
300206000,2020,2121.0,2018.0,4.0,2018.0,0.0,1.0
301426000,2022,1536.0,2020.0,4.0,2020.0,0.0,2.0
302004000,2018,2949.0,2016.0,4.0,2016.0,0.0,1.0
302004000,2020,2949.0,2018.0,4.0,2018.0,0.0,1.0
302005000,2018,2445.0,2016.0,4.0,2016.0,126.0,1.0
302509000,2019,1694.0,2017.0,4.0,2017.0,474.0,2.0
302509000,2020,1694.0,2018.0,4.0,2018.0,474.0,2.0
303123000,2019,3640.0,2017.0,6.0,2017.0,1018.0,2.0
305806000,2020,1704.0,2012.0,3.0,2021.0,-91.0,1.0
305871000,2012,3200.0,2010.0,4.0,2010.0,1960.0,1.0
305899000,2022,2845.8,2019.0,5.0,2019.0,0.8000000000001819,3.0
305968000,2013,2184.0,2006.0,4.0,2017.0,196.0,1.0
305968000,2013,2184.0,2006.0,4.0,2018.0,196.0,1.0
306022000,2020,2018.0,2017.0,4.0,2017.0,-73.0,1.0
306050000,2018,0.0,2013.0,6.0,2013.0,-2590.0,2.0
306981000,2022,2491.4,2019.0,5.0,2019.0,0.40000000000009095,2.0
400094000,2018,2409.0,2013.0,3.0,2013.0,-111.0,1.0
400130000,2022,2610.7,2020.0,5.0,2020.0,-0.3000000000001819,1.0
400138000,2022,2610.7,2019.0,4.0,2019.0,-0.3000000000001819,1.0
400149000,2018,2672.0,2013.0,5.0,2013.0,95.0,1.0
400151000,2013,2687.0,2011.0,4.0,2011.0,43.0,1.0
400188000,2013,3313.0,2011.0,4.0,2011.0,25.0,1.0
400188000,2018,3301.0,2013.0,4.0,2013.0,13.0,1.0
400191000,2023,3301.35,2021.0,5.0,2021.0,0.34999999999990905,1.0
400252000,2022,2144.6,2020.0,5.0,2020.0,-0.40000000000009095,3.0
400258000,2018,2447.0,2014.0,4.0,2014.0,0.0,1.0
400269000,2013,3295.0,1985.0,4.0,2017.0,-75.0,1.0
400298000,2018,3899.0,2013.0,4.0,2013.0,32.0,1.0
400298000,2020,3899.0,2018.0,5.0,2018.0,0.0,2.0
400301000,2020,4373.0,2011.0,5.0,2021.0,0.0,1.0
400303000,2018,3200.0,2015.0,7.0,2015.0,0.0,4.0
400335000,2018,2903.0,2014.0,4.0,2014.0,-1.0,1.0
400362000,2009,2294.0,1983.0,5.0,2010.0,29.0,1.0
400368000,2018,2212.0,2012.0,4.0,2012.0,28.0,1.0
400435000,2013,3972.0,2011.0,5.0,2011.0,-40.0,1.0
400435000,2013,3972.0,2011.0,5.0,2017.0,91.0,1.0
400435000,2013,3972.0,2011.0,5.0,2018.0,91.0,1.0
400453000,2023,4051.1,2021.0,5.0,2021.0,0.09999999999990905,1.0
400455000,2018,4051.0,2012.0,4.0,2012.0,-62.0,2.0
400461000,2012,2985.0,2010.0,4.0,2010.0,0.0,1.0
400461000,2018,3103.0,2011.0,4.0,2011.0,118.0,1.0
400467000,2022,3315.9,2020.0,4.0,2020.0,-0.09999999999990905,1.0
400470000,2018,3078.0,2017.0,5.0,2017.0,13.0,2.0
400486000,2018,3457.0,2017.0,5.0,2017.0,110.0,1.0
400495000,2013,2659.0,2011.0,5.0,2017.0,1.0,1.0
400498000,2018,4537.0,2017.0,7.0,2017.0,267.0,1.0
400503000,2023,4130.0,2021.0,6.0,2021.0,0.0,1.0
400532000,2022,3142.0,2020.0,4.0,2020.0,0.0,1.0
400534000,2019,4075.0,2017.0,5.0,2017.0,48.0,2.0
400538000,2013,3042.0,1990.0,6.0,2017.0,222.0,1.0
400544000,2013,4658.0,2011.0,8.0,2011.0,519.0,2.0
400765000,2013,0.0,2011.0,6.0,2011.0,-3810.0,1.0
400885000,2013,3797.0,1994.0,5.0,2017.0,129.0,1.0
400981000,2018,3578.0,2012.0,7.0,2012.0,590.0,2.0
400983000,2018,3018.0,2015.0,5.0,2015.0,12.0,2.0
402392000,2018,4069.0,2017.0,6.0,2017.0,0.0,2.0
402403000,2023,4735.0,2021.0,3.0,2021.0,0.0,1.0
402428000,2018,4339.0,2016.0,4.0,2016.0,203.0,1.0
402432000,2022,5074.9,2021.0,7.0,2021.0,419.89999999999964,2.0
402448000,2012,4342.0,2010.0,6.0,2010.0,216.0,1.0
402490000,2019,3888.0,2017.0,5.0,2017.0,0.0,1.0
402540000,2011,2925.0,1983.0,3.0,2012.0,214.0,1.0
402540000,2022,2710.5,2012.0,4.0,2012.0,-214.5,1.0
402541000,2012,2867.0,2010.0,6.0,2010.0,0.0,2.0
402550000,2020,2376.0,2018.0,4.0,2018.0,-152.0,1.0
402552000,2018,2394.0,2016.0,4.0,2016.0,456.0,2.0
402552000,2020,2394.0,2018.0,4.0,2018.0,456.0,2.0
402616000,2023,3689.5,2021.0,7.0,2021.0,-0.5,2.0
402684000,2018,5699.0,2016.0,9.0,2016.0,1139.0,4.0
402703000,2011,4096.0,2009.0,5.0,2009.0,82.0,2.0
402714000,2013,3751.0,2000.0,4.0,2018.0,-193.0,1.0
402714000,2023,3943.6,2021.0,5.0,2021.0,-0.40000000000009095,1.0
402735000,2023,3691.65,2021.0,5.0,2021.0,217.6500000000001,1.0
402740000,2019,3961.0,2017.0,6.0,2017.0,246.0,2.0
402740000,2020,3961.0,2018.0,6.0,2018.0,246.0,2.0
402791000,2019,2972.0,2017.0,5.0,2017.0,0.0,2.0
402795000,2012,3062.0,2010.0,5.0,2010.0,0.0,2.0
402819000,2012,3693.0,2010.0,5.0,2010.0,0.0,2.0
402828000,2019,3103.0,2017.0,5.0,2017.0,-79.0,2.0
402830000,2018,2802.0,2016.0,4.0,2016.0,-100.0,1.0
402830000,2019,2802.0,2017.0,4.0,2017.0,-100.0,1.0
500216000,2018,2253.0,2016.0,4.0,2016.0,-103.0,1.0
500216000,2020,2252.0,2018.0,4.0,2018.0,-104.0,1.0
500785000,2011,1856.0,2009.0,2.0,2009.0,0.0,1.0
500785000,2013,2754.0,2011.0,2.0,2011.0,898.0,1.0
500855000,2018,2210.0,2012.0,3.0,2012.0,-58.0,1.0
500871000,2018,1935.0,2013.0,4.0,2013.0,1.0,1.0
500936000,2018,2275.0,2016.0,5.0,2016.0,63.0,1.0
500960000,2018,1712.0,2017.0,3.0,2017.0,0.0,1.0
500960000,2022,1712.0,2016.0,3.0,2016.0,0.0,1.0
501015000,2020,2603.0,2018.0,4.0,2018.0,0.0,1.0
501017010,2013,2430.0,2009.0,4.0,2009.0,25.0,1.0
501349000,2018,9908.0,2015.0,7.0,2015.0,0.0,2.0
501448000,2011,6172.0,2009.0,5.0,2009.0,123.0,1.0
501515000,2018,3887.0,2016.0,4.0,2016.0,0.0,1.0
501516000,2020,3664.0,2013.0,5.0,2013.0,288.0,2.0
501533000,2018,3849.0,2010.0,5.0,2010.0,-44.0,1.0
501533000,2020,3849.0,2018.0,5.0,2018.0,-178.0,1.0
501541000,2013,3184.0,1974.0,4.0,2018.0,-50.0,1.0
501578000,2020,5663.0,2018.0,6.0,2021.0,-0.1999999999998181,2.0
501683000,2018,2554.0,2016.0,5.0,2016.0,160.0,1.0
501716000,2018,5528.0,2017.0,8.0,2017.0,0.0,3.0
501719000,2018,6917.0,2016.0,6.0,2016.0,-362.0,2.0
501719000,2019,6917.0,2017.0,6.0,2017.0,-362.0,2.0
501734000,2018,3824.0,2016.0,4.0,2016.0,200.0,3.0
501753000,2022,4158.05,2020.0,5.0,2020.0,0.0500000000001819,1.0
501755000,2013,3808.0,2005.0,6.0,2017.0,0.0,2.0
501779000,2020,1796.0,2018.0,3.0,2018.0,1.0,1.0
501788000,2018,2161.0,2016.0,4.0,2016.0,-115.0,1.0
501833000,2020,3550.0,2018.0,3.0,2018.0,-515.0,1.0
501863000,2022,3552.0,2019.0,5.0,2019.0,0.0,1.0
501886000,2013,2688.0,2004.0,5.0,2018.0,-228.0,1.0
501902000,2022,1792.0,2019.0,4.0,2019.0,197.0,4.0
502030000,2022,1490.0,2020.0,3.0,2020.0,0.0,2.0
502058000,2013,2112.0,1999.0,4.0,2017.0,-96.0,1.0
502197000,2020,2298.0,2018.0,5.0,2018.0,108.0,1.0
502306001,2018,2497.0,2016.0,3.0,2016.0,0.0,1.0
502306001,2020,2497.0,2018.0,4.0,2018.0,0.0,2.0
502306001,2023,2837.0,2020.0,4.0,2020.0,340.0,1.0
502308000,2013,3396.0,2011.0,4.0,2011.0,-23.0,1.0
502342000,2018,4640.0,2016.0,5.0,2016.0,0.0,1.0
502342000,2019,4640.0,2017.0,5.0,2017.0,0.0,1.0
502372000,2018,2267.0,2016.0,4.0,2016.0,0.0,1.0
502372000,2020,2267.0,2018.0,4.0,2018.0,0.0,1.0
502380000,2013,2576.0,2000.0,4.0,2017.0,0.0,1.0
502392000,2018,3991.0,2016.0,5.0,2016.0,0.0,1.0
502411000,2023,1836.5,2020.0,4.0,2020.0,-0.5,1.0
502471000,2022,2895.75,2018.0,5.0,2018.0,-0.25,1.0
502477000,2013,10995.0,2011.0,10.0,2011.0,2787.0,3.0
502529000,2018,1540.0,2015.0,3.0,2015.0,-1100.0,1.0
502555000,2023,1632.0,2021.0,3.0,2021.0,154.0,1.0
502695000,2013,6383.0,1989.0,5.0,2017.0,0.0,2.0
502908000,2020,4789.0,2013.0,5.0,2021.0,0.0,1.0
503268000,2018,7366.0,2016.0,6.0,2016.0,38.0,1.0
503447000,2020,5409.0,2018.0,5.0,2018.0,67.0,1.0
503515000,2018,3818.0,2016.0,5.0,2016.0,1.0,1.0
503556000,2012,4417.0,2009.0,6.0,2009.0,-193.0,3.0
503556000,2013,4452.0,2011.0,6.0,2011.0,-158.0,3.0
503559000,2022,3602.4,2019.0,5.0,2019.0,0.40000000000009095,2.0
503695000,2013,7934.0,2009.0,7.0,2018.0,-227.0,1.0
600357000,2019,2250.0,2017.0,5.0,2017.0,846.0,2.0
600665000,2018,3351.0,2016.0,4.0,2016.0,2045.0,1.0
600870000,2013,1301.0,1975.0,4.0,2014.0,0.0,2.0
601050000,2013,3840.0,2010.0,7.0,2010.0,1360.0,1.0
601078000,2018,1824.0,2015.0,3.0,2015.0,616.0,1.0
601275000,2023,2582.0,2021.0,4.0,2021.0,-89.0,2.0
601641000,2018,2964.0,2013.0,7.0,2013.0,0.0,1.0
601676000,2018,1660.0,2013.0,4.0,2013.0,398.0,1.0
601809000,2018,2997.0,2015.0,5.0,2015.0,1626.0,2.0
602231000,2023,1552.0,2021.0,3.0,2021.0,0.0,1.0
602436000,2023,2040.0,2021.0,5.0,2021.0,0.0,1.0
602513000,2023,3528.0,2021.0,7.0,2021.0,306.0,1.0
602516000,2023,3182.0,2021.0,6.0,2021.0,233.0,1.0
602584000,2018,3468.0,2013.0,7.0,2013.0,966.0,1.0
603275000,2022,2242.0,2020.0,4.0,2020.0,303.0,1.0
603310000,2022,1462.0,2020.0,3.0,2020.0,374.0,1.0
603633000,2023,2134.0,2021.0,5.0,2021.0,0.0,1.0
603656000,2019,2135.0,2017.0,5.0,2017.0,18.0,2.0
603797010,2019,1638.0,2017.0,4.0,2017.0,432.0,1.0
603800010,2018,2020.0,2016.0,6.0,2016.0,0.0,2.0
603856000,2018,2817.0,2013.0,5.0,2013.0,513.0,1.0
603893000,2020,2160.0,2018.0,5.0,2018.0,0.0,2.0
604008000,2018,2622.0,2013.0,6.0,2013.0,474.0,3.0
604063000,2023,1657.45,2021.0,6.0,2021.0,0.4500000000000455,1.0
604072000,2018,2332.0,2012.0,4.0,2012.0,116.0,1.0
604072000,2020,2332.0,2018.0,4.0,2018.0,0.0,1.0
604117000,2023,3114.0,2021.0,9.0,2021.0,0.0,4.0
604268000,2023,1822.0,2021.0,4.0,2021.0,0.0,2.0
604498000,2019,4229.0,2015.0,6.0,2015.0,430.0,1.0
700188000,2018,3465.0,2012.0,9.0,2012.0,0.0,3.0
700188000,2022,3465.0,2018.0,9.0,2018.0,0.0,3.0
700207000,2018,1716.0,2016.0,4.0,2016.0,0.0,2.0
700295000,2020,3258.0,2018.0,10.0,2018.0,0.0,3.0
700357000,2023,1620.0,2021.0,5.0,2021.0,0.0,2.0
700358000,2023,1620.0,2021.0,5.0,2021.0,0.0,2.0
700400000,2023,1919.0,2021.0,6.0,2021.0,0.0,1.0
700574000,2022,1605.6,2014.0,3.0,2014.0,-0.40000000000009095,1.0
700631000,2019,2112.0,2017.0,4.0,2017.0,178.0,1.0
700631000,2023,2112.0,2018.0,5.0,2018.0,178.0,2.0
700841000,2022,3331.15,2018.0,9.0,2018.0,763.1500000000001,5.0
700998000,2018,2390.0,2015.0,4.0,2015.0,522.0,2.0
701059000,2018,1980.0,2016.0,4.0,2016.0,0.0,1.0
701086000,2022,3578.45,2019.0,7.0,2019.0,701.4499999999998,2.0
701150000,2022,2806.0,2021.0,8.0,2021.0,1200.0,3.0
701216000,2013,1102.0,2008.0,3.0,2016.0,0.0,1.0
701295000,2020,2266.0,2016.0,5.0,2016.0,0.0,2.0
701319000,2018,2955.0,2015.0,6.0,2015.0,711.0,1.0
701328000,2023,2151.0,2021.0,4.0,2021.0,480.0,1.0
701359020,2022,2850.0,2019.0,4.0,2019.0,0.0,1.0
701449000,2018,5442.0,2015.0,6.0,2015.0,896.0,1.0
701451000,2023,3661.0,2021.0,9.0,2021.0,703.0,3.0
701497000,2022,2448.0,2020.0,7.0,2020.0,0.0,2.0
701498000,2022,2340.0,2020.0,7.0,2020.0,-50.0,2.0
701592000,2023,4600.85,2021.0,6.0,2021.0,2392.8500000000004,2.0
701602000,2019,3864.0,2018.0,9.0,2018.0,0.0,3.0
701667000,2018,1903.0,2015.0,4.0,2015.0,210.0,1.0
701817000,2018,2988.0,2016.0,6.0,2016.0,1296.0,2.0
701979000,2018,1782.0,2013.0,4.0,2013.0,130.0,1.0
702029000,2018,3244.0,2013.0,8.0,2013.0,0.0,2.0
702064000,2018,2550.0,2016.0,5.0,2016.0,1168.0,3.0
702067000,2022,2648.0,2021.0,5.0,2021.0,410.0,1.0
702076000,2023,3609.0,2021.0,5.0,2021.0,0.0,1.0
702142000,2018,2773.0,2013.0,8.0,2013.0,-25.0,1.0
702177000,2023,2958.6,2021.0,7.0,2021.0,-0.40000000000009095,3.0
702342000,2019,2663.0,2017.0,5.0,2017.0,0.0,1.0
702350000,2020,3067.0,2018.0,5.0,2018.0,304.0,3.0
702387000,2023,4455.0,2019.0,9.0,2019.0,828.0,2.0
702429000,2023,4005.0,2021.0,9.0,2021.0,0.0,1.0
702449000,2018,3257.0,2014.0,5.0,2014.0,359.0,1.0
702522000,2011,1722.0,2009.0,4.0,2009.0,0.0,2.0
702529000,2018,3057.0,2015.0,7.0,2015.0,675.0,2.0
702542000,2023,1875.0,2021.0,4.0,2021.0,-15.0,1.0
702549000,2022,1968.0,2020.0,6.0,2020.0,54.0,2.0
702562000,2012,3486.0,2010.0,8.0,2010.0,-60.0,2.0
702637000,2023,6340.0,2021.0,8.0,2021.0,3403.0,2.0
702645000,2022,1939.2,2019.0,5.0,2019.0,209.20000000000005,2.0
702698001,2022,3590.0,2014.0,8.0,2014.0,475.0,3.0
702743000,2018,1356.0,2013.0,4.0,2013.0,112.0,2.0
702823000,2023,3834.0,2021.0,12.0,2021.0,0.0,3.0
702953020,2023,4362.0,2021.0,14.0,2021.0,0.0,5.0
702970010,2022,5822.0,2019.0,15.0,2019.0,0.0,9.0
703050000,2019,3675.0,2012.0,12.0,2012.0,81.0,6.0
703054000,2018,2835.0,2016.0,6.0,2016.0,0.0,1.0
703066000,2022,1746.6,2020.0,6.0,2020.0,-0.40000000000009095,2.0
703067000,2020,1940.0,2018.0,4.0,2018.0,193.0,1.0
703080000,2023,4752.0,2021.0,12.0,2021.0,0.0,1.0
703161000,2022,3110.8,2020.0,7.0,2020.0,-0.1999999999998181,2.0
703167000,2022,2052.8,2020.0,4.0,2020.0,-0.1999999999998181,1.0
703187000,2018,4034.0,2015.0,9.0,2015.0,225.0,3.0
703208000,2022,3912.0,2020.0,9.0,2020.0,0.0,3.0
703230000,2019,4458.0,2017.0,13.0,2017.0,215.0,4.0
703231000,2023,3504.0,2021.0,7.0,2021.0,0.0,1.0
703246000,2022,3759.0,2021.0,12.0,2021.0,0.0,3.0
703284000,2020,3870.0,2018.0,9.0,2018.0,0.0,1.0
703289000,2020,2997.0,2018.0,11.0,2018.0,0.0,3.0
703303000,2019,3311.0,2017.0,7.0,2017.0,726.0,1.0
703449000,2019,3344.0,2017.0,6.0,2017.0,1100.0,4.0
703554000,2013,1373.0,1989.0,4.0,2018.0,0.0,1.0
703568000,2013,3957.0,2011.0,11.0,2011.0,0.0,2.0
703568000,2018,3957.0,2012.0,11.0,2012.0,0.0,2.0
703568000,2018,3957.0,2012.0,11.0,2019.0,0.0,5.0
703634000,2020,3537.0,2018.0,10.0,2018.0,0.0,4.0
703754010,2018,3663.0,2010.0,11.0,2010.0,-15.0,2.0
703970000,2019,3519.0,2017.0,9.0,2017.0,0.0,1.0
703977000,2022,3198.0,2020.0,9.0,2020.0,0.0,3.0
800178000,2013,3492.0,2011.0,9.0,2011.0,3492.0,3.0
800449000,2022,2262.0,2019.0,6.0,2019.0,30.0,1.0
801388060,2019,2702.0,2010.0,5.0,2010.0,34.0,1.0
801450000,2018,3273.0,2012.0,4.0,2012.0,-41.0,1.0
802578000,2019,4602.0,2017.0,12.0,2017.0,0.0,4.0
803019001,2018,2968.0,2015.0,6.0,2015.0,249.0,4.0
803038000,2022,2182.4,2014.0,5.0,2014.0,0.40000000000009095,2.0
900377000,2018,1026.0,2016.0,3.0,2016.0,0.0,1.0
900377000,2019,1144.0,2017.0,3.0,2017.0,118.0,1.0
900379000,2022,2199.25,2020.0,5.0,2020.0,0.25,1.0
900574000,2018,3647.0,2017.0,4.0,2017.0,0.0,1.0
900609000,2022,4851.7,2020.0,5.0,2020.0,-0.3000000000001819,1.0
900778000,2018,4188.0,2017.0,6.0,2017.0,0.0,3.0
900948000,2018,2730.0,2014.0,6.0,2014.0,0.0,1.0
901409000,2018,2133.0,2016.0,9.0,2016.0,0.0,3.0
902417000,2018,2649.0,2014.0,6.0,2014.0,144.0,2.0
903236000,2019,1074.0,2017.0,2.0,2017.0,241.0,1.0
903236000,2020,1074.0,2018.0,2.0,2018.0,241.0,1.0
903461000,2013,1404.0,2012.0,3.0,2012.0,0.0,1.0
903511000,2019,3815.0,2017.0,10.0,2017.0,570.0,2.0
903513000,2023,3403.0,2020.0,7.0,2020.0,0.0,2.0
903537000,2020,4152.0,2018.0,12.0,2018.0,0.0,3.0
903542000,2018,2399.0,2014.0,4.0,2014.0,334.0,2.0
903542000,2020,2568.0,2018.0,4.0,2018.0,503.0,2.0
903543000,2018,2673.0,2013.0,4.0,2013.0,590.0,2.0
903678000,2018,4758.0,2015.0,11.0,2015.0,0.0,2.0
903700000,2022,2104.0,2020.0,6.0,2020.0,0.0,2.0
903713000,2020,3474.0,2018.0,9.0,2018.0,105.0,3.0
903766000,2018,1875.0,2014.0,3.0,2014.0,363.0,1.0
903774000,2022,2000.0,2019.0,5.0,2019.0,0.0,1.0
1000091000,2023,3045.0,2021.0,8.0,2021.0,801.0,4.0
1000092000,2018,2732.0,2014.0,8.0,2014.0,570.0,4.0
1000101000,2018,3254.0,2012.0,11.0,2012.0,638.0,5.0
1000416000,2018,4128.0,2013.0,12.0,2013.0,240.0,5.0
1000440000,2018,2552.0,2015.0,10.0,2015.0,0.0,6.0
1000447000,2019,3088.0,2017.0,12.0,2017.0,1008.0,7.0
1000448000,2018,2620.0,2017.0,6.0,2017.0,22.0,2.0
1000631000,2013,3725.0,2009.0,11.0,2009.0,0.0,5.0
1000679000,2018,2729.0,2015.0,10.0,2015.0,0.0,5.0
1000701000,2018,5457.0,2014.0,12.0,2014.0,2009.0,7.0
1000763000,2012,3102.0,2010.0,12.0,2010.0,0.0,4.0
1001139000,2018,4241.0,2014.0,8.0,2014.0,0.0,1.0
1001139000,2022,4941.4,2019.0,12.0,2019.0,700.3999999999996,4.0
1001183000,2018,1246.0,2016.0,3.0,2016.0,0.0,1.0
1001183000,2022,1283.6,2020.0,6.0,2020.0,37.59999999999991,3.0
1001218000,2018,3516.0,2012.0,10.0,2012.0,807.0,4.0
1001410000,2018,3564.0,2014.0,11.0,2014.0,0.0,3.0
1001450100,2018,1457.0,2015.0,4.0,2015.0,0.0,1.0
1001844000,2018,3381.0,2012.0,8.0,2012.0,0.0,2.0
1001934000,2018,1182.0,2015.0,4.0,2015.0,0.0,2.0
1001972020,2023,3192.0,2021.0,6.0,2021.0,0.0,1.0
1002068000,2020,2317.0,2018.0,5.0,2018.0,101.0,1.0
1002086010,2018,2094.0,2014.0,4.0,2014.0,0.0,1.0
1002207000,2022,4410.0,2013.0,13.0,2013.0,-270.0,7.0
1002215000,2019,2408.0,2016.0,6.0,2016.0,398.0,4.0
1002294000,2012,1328.0,2010.0,3.0,2010.0,0.0,1.0
1002294000,2018,1485.0,2014.0,4.0,2014.0,0.0,1.0
1002304000,2020,1747.0,2017.0,4.0,2017.0,155.0,1.0
1100066000,2019,1992.0,2017.0,4.0,2017.0,0.0,1.0
1100081000,2018,3483.0,2015.0,6.0,2015.0,554.0,2.0
1100252000,2022,3248.0,2019.0,5.0,2019.0,1364.0,2.0
1100255000,2020,3852.0,2018.0,12.0,2018.0,18.0,5.0
1100524000,2022,4953.25,2018.0,10.0,2018.0,1659.25,5.0
1100619000,2023,1795.2,2021.0,5.0,2021.0,1795.2,1.0
1100626000,2012,3540.0,2010.0,6.0,2010.0,0.0,1.0
1100640000,2018,2349.0,2016.0,5.0,2016.0,0.0,2.0
1100640000,2020,2349.0,2018.0,5.0,2018.0,0.0,2.0
1100946000,2022,1596.0,2016.0,7.0,2016.0,0.0,2.0
1101249000,2022,3455.2,2019.0,5.0,2019.0,828.1999999999998,1.0
1101318000,2020,2244.0,2012.0,7.0,2012.0,2244.0,2.0
1101318000,2022,2244.0,2015.0,7.0,2015.0,2244.0,2.0
1101341000,2018,3254.0,2014.0,7.0,2014.0,0.0,2.0
1101359000,2020,3919.0,2018.0,9.0,2018.0,0.0,1.0
1101427000,2012,3187.0,2010.0,6.0,2010.0,0.0,2.0
1101512001,2020,1361.0,2018.0,3.0,2018.0,0.0,1.0
1101610000,2022,4217.4,2020.0,10.0,2020.0,0.3999999999996362,5.0
1101670000,2018,4617.0,2016.0,9.0,2016.0,-216.0,1.0
1102029000,2020,4708.0,2018.0,9.0,2018.0,1528.0,3.0
1102568000,2018,1287.0,2014.0,3.0,2014.0,491.0,1.0
1102718000,2011,3588.0,2009.0,9.0,2009.0,0.0,3.0
1102974000,2020,3519.0,2013.0,10.0,2013.0,0.0,1.0
1103047000,2020,2431.0,2018.0,5.0,2018.0,547.0,1.0
1103117000,2013,982.0,2011.0,2.0,2011.0,80.0,1.0
1103151000,2020,2766.0,2018.0,5.0,2018.0,1278.0,3.0
1103274000,2018,2606.0,2012.0,6.0,2012.0,0.0,2.0
1103504000,2022,1630.2,2020.0,4.0,2020.0,474.20000000000005,2.0
1103517000,2022,2642.0,2019.0,5.0,2019.0,348.0,1.0
1103521000,2019,1644.0,2018.0,3.0,2018.0,580.0,1.0
1103521000,2022,1767.5,2019.0,3.0,2019.0,703.5,1.0
1103522000,2020,2154.0,2018.0,3.0,2018.0,710.0,1.0
1103548000,2013,2457.0,1993.0,6.0,2018.0,0.0,1.0
1103702000,2019,3721.0,2018.0,10.0,2018.0,0.0,4.0
1103729000,2020,2423.0,2018.0,4.0,2018.0,599.0,1.0
1103733000,2023,2349.0,2021.0,4.0,2021.0,601.0,1.0
1200171000,2022,7616.0,2021.0,12.0,2021.0,2282.0,3.0
1200369000,2018,2786.0,2012.0,8.0,2012.0,171.0,2.0
1200474000,2012,5570.0,2011.0,9.0,2011.0,777.0,1.0
1200623004,2013,4470.0,2011.0,10.0,2011.0,690.0,2.0
1200789000,2022,2658.4,2020.0,6.0,2020.0,0.40000000000009095,2.0
1200894000,2012,4248.0,2010.0,9.0,2010.0,0.0,3.0
1202293000,2019,4615.0,2017.0,6.0,2017.0,769.0,2.0
1202956000,2018,4691.0,2013.0,12.0,2013.0,0.0,3.0
1202964000,2018,3458.0,2015.0,6.0,2015.0,0.0,2.0
1203147002,2018,4500.0,2016.0,8.0,2016.0,0.0,2.0
1203163000,2023,2519.5,2018.0,4.0,2018.0,-0.5,1.0
1203391000,2013,3668.0,1998.0,9.0,2018.0,0.0,1.0
1300606000,2019,3142.0,2015.0,7.0,2015.0,0.0,1.0
1301524000,2018,4035.0,2012.0,6.0,2012.0,0.0,2.0
1301841000,2020,2706.0,2018.0,6.0,2018.0,0.0,1.0
1301841000,2022,2706.0,2019.0,6.0,2019.0,0.0,1.0
1301901000,2022,3405.0,2020.0,8.0,2020.0,0.0,2.0
1301941000,2019,3988.0,2017.0,8.0,2017.0,1279.0,2.0
1302110000,2022,4650.0,2019.0,9.0,2019.0,1530.0,3.0
1302224000,2023,3417.0,2021.0,9.0,2021.0,0.0,3.0
1302326000,2019,2514.0,2017.0,4.0,2017.0,424.0,1.0
1302519000,2023,3222.0,2021.0,6.0,2021.0,0.0,1.0
1302897000,2023,4368.0,2021.0,7.0,2021.0,68.0,1.0
1302951000,2018,4608.0,2012.0,9.0,2012.0,2020.0,4.0
1303145000,2023,1898.0,2021.0,5.0,2021.0,0.0,1.0
1303288000,2023,3093.0,2021.0,6.0,2021.0,988.0,4.0
1303339000,2022,4212.0,2020.0,7.0,2020.0,0.0,1.0
1303367000,2022,3552.0,2019.0,10.0,2019.0,0.0,4.0
1400047000,2022,1086.0,2019.0,4.0,2019.0,0.0,1.0
1400367015,2018,3795.0,2012.0,9.0,2012.0,0.0,1.0
1400367019,2022,3367.5,2019.0,8.0,2019.0,-0.5,1.0
1401145000,2013,3547.0,2012.0,7.0,2012.0,591.0,3.0
1401253000,2022,3662.0,2017.0,8.0,2017.0,0.0,2.0
1401281000,2018,3033.0,2013.0,9.0,2013.0,0.0,3.0
1401301000,2018,2730.0,2012.0,7.0,2012.0,221.0,1.0
1401399000,2020,2203.0,2018.0,6.0,2018.0,0.0,2.0
1401548000,2020,2460.0,2018.0,8.0,2018.0,0.0,2.0
1401739000,2022,4026.0,2018.0,11.0,2018.0,0.0,3.0
1401755000,2022,3951.0,2019.0,9.0,2019.0,48.0,1.0
1401787001,2020,2826.0,2013.0,8.0,2013.0,0.0,2.0
1401819000,2019,3355.0,2017.0,8.0,2017.0,6.0,2.0
1401971000,2018,5181.0,2015.0,12.0,2015.0,0.0,3.0
1402010000,2018,3588.0,2012.0,8.0,2012.0,1137.0,4.0
1402010000,2022,3696.0,2019.0,9.0,2019.0,108.0,1.0
1402079000,2018,3768.0,2012.0,9.0,2012.0,0.0,1.0
1402237000,2018,4016.0,2016.0,7.0,2016.0,0.0,2.0
1402243000,2018,2967.0,2011.0,7.0,2011.0,463.0,2.0
1402253000,2022,2217.6,2019.0,5.0,2019.0,-0.40000000000009095,1.0
1402273000,2019,2040.0,2016.0,7.0,2016.0,0.0,2.0
1402557000,2013,3516.0,2011.0,9.0,2011.0,0.0,3.0
1403092000,2022,3258.0,2019.0,8.0,2019.0,-652.0,2.0
1403220000,2020,3300.0,2018.0,12.0,2018.0,-243.0,3.0
1403304000,2020,2488.0,2018.0,7.0,2018.0,267.0,2.0
1403436000,2022,3484.8,2018.0,9.0,2018.0,-0.1999999999998181,3.0
1403441000,2023,3121.5,2021.0,9.0,2021.0,-0.5,1.0
1403484000,2018,4506.0,2015.0,12.0,2015.0,447.0,3.0
1403546000,2013,4446.0,2010.0,12.0,2010.0,4.0,1.0
1403609000,2023,3603.6,2021.0,6.0,2021.0,151.5999999999999,1.0
1404004000,2019,4548.0,2012.0,11.0,2012.0,0.0,2.0
1404180000,2023,3596.8,2021.0,7.0,2021.0,-0.1999999999998181,1.0
1404563000,2019,4398.0,2017.0,9.0,2017.0,0.0,3.0
1404574000,2022,3330.0,2019.0,7.0,2019.0,0.0,1.0
1405108000,2019,3882.0,2017.0,7.0,2017.0,46.0,1.0
1500237001,2020,2038.0,2018.0,5.0,2018.0,492.0,2.0
1500719000,2022,2921.7,2019.0,8.0,2019.0,680.6999999999998,1.0
1500857000,2020,3401.0,2018.0,9.0,2018.0,-24.0,2.0
1500866000,2018,2154.0,2013.0,7.0,2013.0,163.0,1.0
1500915000,2018,3567.0,2016.0,9.0,2016.0,0.0,3.0
1500922000,2011,2504.0,2009.0,6.0,2009.0,0.0,2.0
1501096000,2019,3711.0,2016.0,9.0,2020.0,-51.0,3.0
1501116000,2022,3249.0,2020.0,9.0,2020.0,0.0,2.0
1501134000,2012,3333.0,2010.0,9.0,2010.0,0.0,3.0
1501138000,2020,3612.0,2018.0,9.0,2018.0,0.0,3.0
1501393000,2011,3303.0,2009.0,9.0,2009.0,0.0,3.0
1501473000,2020,3374.0,2017.0,9.0,2017.0,0.0,3.0
1501607000,2018,3348.0,2013.0,9.0,2013.0,0.0,3.0
1501706000,2020,3666.0,2017.0,8.0,2017.0,0.0,2.0
1501714000,2018,4623.0,2016.0,11.0,2016.0,3398.0,7.0
1501720001,2019,1530.0,2017.0,3.0,2017.0,171.0,1.0
1501806000,2018,5212.0,2016.0,12.0,2016.0,0.0,3.0
1501846000,2023,3678.6,2021.0,10.0,2021.0,-0.40000000000009095,3.0
1501863000,2022,3219.0,2019.0,9.0,2019.0,0.0,3.0
1501919000,2023,4764.0,2021.0,17.0,2021.0,0.0,5.0
1501969000,2022,3595.1,2020.0,9.0,2020.0,0.09999999999990905,3.0
1502002000,2018,4324.0,2011.0,9.0,2011.0,544.0,2.0
1502136000,2012,2451.0,2010.0,7.0,2010.0,120.0,1.0
1502152000,2022,4748.0,2020.0,10.0,2020.0,0.0,1.0
1502569000,2022,3516.0,2017.0,8.0,2017.0,0.0,2.0
1502762000,2019,3924.0,2010.0,10.0,2010.0,0.0,1.0
1502813000,2018,4904.0,2011.0,14.0,2011.0,4904.0,5.0
1502917000,2011,4280.0,2009.0,9.0,2009.0,245.0,1.0
1502917000,2020,4525.0,2016.0,10.0,2016.0,0.0,1.0
1502930000,2018,1969.0,2014.0,4.0,2014.0,0.0,1.0
1600116003,2022,4732.05,2020.0,4.0,2020.0,3352.05,1.0
1600130001,2011,4102.0,2009.0,8.0,2009.0,0.0,2.0
1600172000,2018,1824.0,2013.0,5.0,2013.0,140.0,1.0
1600315000,2018,3865.0,2013.0,6.0,2013.0,421.0,1.0
1600399000,2020,3639.0,2018.0,9.0,2018.0,0.0,1.0
1600492000,2013,3507.0,2011.0,9.0,2011.0,0.0,2.0
1600861000,2018,2480.0,2015.0,5.0,2015.0,249.0,2.0
1600908000,2019,0.0,2017.0,5.0,2017.0,-2883.0,1.0
1600929001,2020,3148.0,2018.0,5.0,2018.0,4.0,1.0
1600929001,2019,3144.0,2003.0,8.0,2020.0,-4.0,3.0
1601016000,2018,3630.0,2015.0,8.0,2015.0,-110.0,1.0
1601020000,2023,4170.0,2021.0,9.0,2021.0,810.0,2.0
1601239000,2012,4872.0,2010.0,7.0,2010.0,73.0,1.0
1601301000,2010,0.0,2003.0,14.0,2020.0,-5460.0,5.0
1601381000,2018,3384.0,2013.0,9.0,2013.0,0.0,3.0
1601382000,2022,3504.0,2021.0,9.0,2021.0,0.0,3.0
1601465000,2020,3663.0,2018.0,11.0,2018.0,33.0,2.0
1601804000,2022,4145.2,2019.0,9.0,2019.0,0.1999999999998181,3.0
1601941000,2022,3660.8,2020.0,6.0,2020.0,940.8000000000002,1.0
1601943000,2022,2841.6,2020.0,6.0,2020.0,-0.40000000000009095,2.0
1602063000,2022,2527.2,2019.0,5.0,2019.0,0.1999999999998181,1.0
1602070000,2023,1684.8,2021.0,4.0,2021.0,436.79999999999995,1.0
1602401000,2022,3356.1,2013.0,8.0,2013.0,0.09999999999990905,2.0
1602511000,2020,2246.0,2015.0,5.0,2015.0,-82.0,1.0
1602662000,2018,0.0,2015.0,5.0,2015.0,-2462.0,2.0
1602676000,2020,3298.0,2018.0,8.0,2018.0,0.0,2.0
1602823000,2022,3283.6,2013.0,8.0,2013.0,1179.6,3.0
1602828000,2018,2107.0,2016.0,5.0,2016.0,0.0,2.0
1603053000,2018,2731.0,2011.0,8.0,2011.0,216.0,2.0
1603066000,2023,3322.2,2021.0,8.0,2021.0,0.1999999999998181,2.0
1603230000,2020,3382.0,2018.0,5.0,2018.0,570.0,1.0
1603273000,2019,5105.0,2017.0,6.0,2017.0,26.0,1.0
1603278000,2018,4173.0,2016.0,4.0,2016.0,441.0,2.0
1603278000,2023,4173.0,2021.0,5.0,2021.0,0.0,1.0
1603453000,2018,2038.0,2016.0,7.0,2016.0,291.0,2.0
1603456000,2019,2432.0,2016.0,5.0,2016.0,-84.0,2.0
1603488000,2022,4093.2,2019.0,7.0,2019.0,455.1999999999998,3.0
1603588000,2022,3274.0,2012.0,5.0,2012.0,1014.0,1.0
1603708000,2018,2900.0,2016.0,6.0,2016.0,0.0,1.0
1603761000,2022,3120.0,2019.0,5.0,2019.0,1200.0,2.0
1603785000,2023,3190.4,2020.0,7.0,2020.0,345.4000000000001,2.0
1603803000,2022,4260.0,2020.0,12.0,2020.0,0.0,3.0
1603810000,2018,3505.0,2016.0,8.0,2016.0,443.0,3.0
1603815000,2022,1769.0,2020.0,4.0,2020.0,465.0,1.0
1604057000,2022,3463.2,2020.0,6.0,2020.0,889.1999999999998,1.0
1604398000,2018,2037.0,2016.0,4.0,2016.0,1004.0,1.0
1604416000,2018,2060.0,2016.0,4.0,2016.0,640.0,1.0
1604416000,2019,2188.0,2017.0,4.0,2017.0,768.0,1.0
1604483000,2018,3537.0,2016.0,8.0,2016.0,1258.0,4.0
1604509000,2022,3553.2,2020.0,6.0,2020.0,2286.2,4.0
1604677000,2018,2098.0,2016.0,4.0,2016.0,850.0,2.0
1604706000,2018,2082.0,2015.0,4.0,2015.0,666.0,1.0
1604720000,2012,1961.0,2010.0,5.0,2010.0,547.0,2.0
1604729000,2018,0.0,2014.0,6.0,2014.0,-3045.0,1.0
1604756000,2019,2396.0,2014.0,6.0,2014.0,0.0,1.0
1604783000,2022,2430.0,2019.0,4.0,2019.0,1170.0,2.0
1604891000,2018,3447.0,2015.0,8.0,2015.0,0.0,2.0
1604891000,2020,4422.0,2018.0,9.0,2018.0,975.0,3.0
1605035000,2023,1532.0,2021.0,3.0,2021.0,180.0,1.0
1605081000,2018,2154.0,2013.0,7.0,2013.0,177.0,3.0
1605328000,2022,4764.8,2019.0,9.0,2019.0,2503.8,4.0
1605358000,2022,2491.6,2020.0,4.0,2020.0,-0.40000000000009095,1.0
1700280000,2019,3544.0,2017.0,6.0,2017.0,696.0,1.0
1700337000,2018,3145.0,2011.0,8.0,2011.0,255.0,2.0
1700358000,2023,2638.4,2019.0,7.0,2019.0,0.40000000000009095,1.0
1700359000,2018,2986.0,2015.0,9.0,2015.0,662.0,2.0
1700486000,2020,3168.0,2018.0,9.0,2018.0,0.0,3.0
1700675000,2020,2627.0,2018.0,8.0,2018.0,60.0,1.0
1700865000,2020,3264.0,2018.0,9.0,2018.0,0.0,3.0
1700874000,2018,5241.0,2013.0,7.0,2013.0,1196.0,1.0
1701131000,2018,2008.0,2016.0,4.0,2016.0,-156.0,1.0
1701391000,2019,2210.0,2017.0,6.0,2017.0,16.0,2.0
1701552000,2018,3882.0,2009.0,9.0,2009.0,0.0,1.0
1701617000,2020,3975.0,2018.0,9.0,2018.0,0.0,3.0
1701912000,2018,2069.0,2012.0,6.0,2012.0,165.0,1.0
1701982000,2022,3716.0,2019.0,8.0,2019.0,0.0,1.0
1702083000,2020,1694.0,2018.0,5.0,2018.0,-100.0,1.0
1702092000,2018,1940.0,2016.0,4.0,2016.0,235.0,1.0
1702133000,2018,1983.0,2013.0,5.0,2013.0,318.0,1.0
1702155000,2013,2873.0,2011.0,7.0,2011.0,231.0,1.0
1702280000,2023,2682.0,2021.0,5.0,2021.0,0.0,1.0
1702329000,2018,4326.0,2016.0,8.0,2016.0,130.0,2.0
1702334000,2018,3007.0,2014.0,7.0,2014.0,0.0,2.0
1702389000,2023,2068.0,2021.0,7.0,2021.0,0.0,2.0
1702778000,2020,5159.0,2018.0,6.0,2018.0,3780.0,1.0
1702796000,2020,3714.0,2018.0,7.0,2018.0,1444.0,3.0
1702947000,2018,1100.0,2012.0,3.0,2012.0,0.0,1.0
1703180000,2018,3084.0,2012.0,5.0,2012.0,386.0,1.0
1703266000,2018,2672.0,2012.0,8.0,2012.0,107.0,3.0
1703277000,2013,1992.0,2011.0,4.0,2011.0,0.0,1.0
1703385000,2013,1642.0,2011.0,4.0,2011.0,250.0,1.0
1703518000,2020,3024.0,2018.0,8.0,2018.0,-456.0,4.0
1703738000,2013,1888.0,2011.0,4.0,2011.0,-185.0,1.0
1703836000,2018,1700.0,2010.0,4.0,2010.0,850.0,2.0
1704018000,2019,1811.0,2017.0,4.0,2017.0,271.0,1.0
1704177000,2012,4476.0,2009.0,9.0,2009.0,0.0,3.0
1704716000,2020,3201.0,2018.0,9.0,2018.0,3201.0,3.0
1704792000,2023,4635.0,2018.0,12.0,2018.0,0.0,3.0
1704837000,2018,3840.0,2016.0,9.0,2016.0,501.0,3.0
1704910000,2013,2376.0,2011.0,6.0,2011.0,0.0,2.0
1800481000,2011,1836.0,2009.0,5.0,2009.0,0.0,1.0
1800835000,2018,2439.0,2014.0,6.0,2014.0,0.0,2.0
1801369000,2022,1964.6,2019.0,4.0,2019.0,-0.40000000000009095,1.0
1801835000,2022,1614.6,2020.0,4.0,2020.0,418.5999999999999,1.0
1802080000,2022,3177.6,2019.0,8.0,2019.0,-0.40000000000009095,3.0
1802080000,2023,3177.6,2021.0,8.0,2021.0,-0.40000000000009095,3.0
1802902000,2023,999.6,2021.0,3.0,2021.0,-0.39999999999997726,1.0
1803707000,2018,1855.0,2014.0,4.0,2014.0,467.0,1.0
1804023000,2023,1337.0,2020.0,6.0,2020.0,0.0,3.0
1804223000,2022,1800.0,2019.0,5.0,2019.0,552.0,2.0
1804460000,2022,3147.6,2019.0,9.0,2019.0,-0.40000000000009095,5.0
1804722000,2022,1959.2,2019.0,4.0,2019.0,487.20000000000005,1.0
1804737000,2011,2402.0,2009.0,5.0,2009.0,0.0,1.0
1804747000,2020,1926.0,2018.0,4.0,2018.0,-186.0,1.0
1805207000,2022,1008.0,2020.0,4.0,2020.0,0.0,2.0
1805276000,2020,3259.0,2002.0,4.0,2021.0,1179.0,1.0
1805457000,2020,1978.0,2018.0,4.0,2018.0,322.0,1.0
1806227000,2018,4461.0,2014.0,6.0,2014.0,54.0,1.0
1807878000,2018,1134.0,2015.0,4.0,2015.0,0.0,1.0
1808574000,2018,1693.0,2015.0,3.0,2015.0,84.0,2.0
1808923000,2022,2921.0,2020.0,6.0,2020.0,0.0,2.0
1809199000,2018,3588.0,2009.0,11.0,2009.0,0.0,2.0
1809519000,2022,4356.0,2020.0,9.0,2020.0,0.0,3.0
1809811000,2018,1536.0,2014.0,5.0,2014.0,461.0,2.0
1809869000,2018,1008.0,2015.0,3.0,2015.0,0.0,1.0
1810317000,2018,2276.0,2015.0,5.0,2015.0,1271.0,2.0
1810440000,2018,1408.0,2015.0,4.0,2015.0,288.0,1.0
1810662000,2018,3616.0,2014.0,5.0,2014.0,396.0,1.0
1810936000,2023,3742.95,2021.0,5.0,2021.0,2331.95,2.0
1810975000,2023,3506.6,2021.0,5.0,2021.0,-0.40000000000009095,1.0
1811593000,2018,1943.0,2015.0,5.0,2015.0,0.0,2.0
1811763000,2011,2343.0,2009.0,7.0,2009.0,12.0,1.0
1811868010,2018,1824.0,2013.0,4.0,2013.0,200.0,2.0
1811924000,2013,2426.0,2011.0,6.0,2011.0,0.0,2.0
1811963000,2022,1478.4,2019.0,4.0,2019.0,246.4000000000001,1.0
1812404000,2022,1804.0,2019.0,5.0,2019.0,1129.0,3.0
1812559000,2018,1500.0,2013.0,4.0,2013.0,119.0,1.0
1812708002,2018,1764.0,2015.0,3.0,2015.0,1164.0,2.0
1812728000,2019,1807.0,2017.0,6.0,2017.0,-51.0,3.0
1900071001,2019,4788.0,2017.0,10.0,2017.0,0.0,4.0
1900131000,2018,2799.0,2012.0,10.0,2012.0,184.0,6.0
1900580000,2023,3786.6,2021.0,5.0,2021.0,557.5999999999999,1.0
1900603000,2018,0.0,2014.0,6.0,2014.0,-2780.0,1.0
1900657000,2011,3188.0,2009.0,5.0,2009.0,0.0,1.0
1900892000,2018,3884.0,2014.0,6.0,2014.0,42.0,1.0
1900907000,2023,3435.0,2021.0,9.0,2021.0,351.0,3.0
1901112000,2011,1987.0,2009.0,4.0,2009.0,125.0,1.0
1901352000,2018,3367.0,2014.0,6.0,2014.0,0.0,1.0
1901356000,2022,4469.0,2019.0,8.0,2019.0,481.0,3.0
1901364000,2023,2099.2,2021.0,6.0,2021.0,0.1999999999998181,1.0
1901427000,2020,3096.0,2018.0,7.0,2018.0,729.0,2.0
1901442000,2018,2907.0,2012.0,5.0,2012.0,270.0,2.0
1901474001,2018,2019.0,2011.0,4.0,2011.0,243.0,1.0
1901521000,2018,2404.0,2013.0,8.0,2013.0,96.0,4.0
1901660000,2023,3626.8,2021.0,6.0,2021.0,-0.1999999999998181,1.0
1901698000,2018,4768.0,2013.0,6.0,2013.0,741.0,1.0
1901719000,2019,3531.0,2017.0,5.0,2017.0,1251.0,1.0
1901796000,2019,2283.0,2017.0,5.0,2017.0,26.0,1.0
1901797000,2020,2821.0,2018.0,5.0,2018.0,0.0,1.0
1901855000,2023,3121.8,2021.0,6.0,2021.0,-0.1999999999998181,1.0
1901921000,2022,5117.6,2020.0,7.0,2020.0,1811.6000000000004,4.0
1901928000,2022,4387.0,2020.0,6.0,2020.0,872.0,1.0
1901939000,2009,4196.0,1995.0,5.0,2010.0,0.0,1.0
1901945010,2022,1274.0,2020.0,3.0,2020.0,0.0,1.0
1902036000,2022,2882.6,2020.0,5.0,2020.0,719.5999999999999,1.0
1902142000,2022,3064.0,2020.0,6.0,2020.0,460.0,2.0
1902214000,2018,2294.0,2013.0,5.0,2013.0,187.0,2.0
1902288001,2019,8367.0,2017.0,9.0,2017.0,0.0,1.0
1902310002,2018,2201.0,2012.0,4.0,2012.0,39.0,1.0
1902349028,2011,1806.0,2009.0,4.0,2009.0,322.0,1.0
1902349048,2018,2685.0,2010.0,5.0,2010.0,-84.0,2.0
1902349050,2018,2020.0,2013.0,4.0,2013.0,-52.0,1.0
1902349054,2022,2379.0,2016.0,4.0,2016.0,364.0,1.0
1902352000,2023,3166.0,2021.0,4.0,2021.0,80.0,1.0
1902359000,2018,2110.0,2013.0,3.0,2013.0,424.0,1.0
1902426001,2023,1458.0,2021.0,3.0,2021.0,336.0,1.0
1902642000,2023,2586.0,2021.0,4.0,2021.0,0.0,1.0
1902668000,2012,4490.0,2010.0,5.0,2010.0,0.0,1.0
1902668000,2013,4490.0,2011.0,5.0,2011.0,0.0,1.0
1902686000,2018,2349.0,2014.0,6.0,2014.0,0.0,1.0
1902707000,2020,3353.0,2017.0,4.0,2017.0,0.0,1.0
1902722000,2019,2208.0,2017.0,4.0,2017.0,768.0,2.0
1902761000,2020,1843.0,1960.0,4.0,2021.0,307.0,1.0
1902766000,2022,3321.15,2019.0,5.0,2019.0,1061.15,2.0
1903163000,2018,3510.0,2011.0,8.0,2011.0,0.0,3.0
1903355000,2022,984.0,2019.0,3.0,2019.0,0.0,1.0
1903769000,2020,3948.0,2018.0,9.0,2018.0,0.0,3.0
1904337008,2020,3208.0,2018.0,6.0,2018.0,2344.0,3.0
1904378000,2018,2216.0,2016.0,4.0,2016.0,736.0,1.0
1904430000,2018,2077.0,2013.0,4.0,2013.0,199.0,1.0
1904534000,2018,1360.0,2015.0,3.0,2015.0,-302.0,1.0
1904826000,2022,1527.6,2019.0,5.0,2019.0,237.5999999999999,1.0
2000123000,2018,2158.0,2016.0,4.0,2016.0,233.0,2.0
2000422000,2019,3473.0,2017.0,6.0,2017.0,912.0,1.0
2000423000,2022,4714.85,2019.0,5.0,2019.0,3091.8500000000004,3.0
2000428000,2018,3113.0,2016.0,6.0,2016.0,983.0,2.0
2000439000,2019,2419.0,2017.0,5.0,2017.0,0.0,1.0
2001173000,2018,1615.0,2015.0,4.0,2015.0,778.0,1.0
2001311000,2018,1920.0,2016.0,4.0,2016.0,0.0,1.0
2001556000,2023,2555.8,2021.0,5.0,2021.0,-0.1999999999998181,1.0
2001742000,2022,2202.8,2020.0,3.0,2020.0,-0.1999999999998181,1.0
2001919000,2018,2404.0,2011.0,4.0,2011.0,381.0,1.0
2001982000,2018,1928.0,2016.0,4.0,2016.0,-108.0,1.0
2001982000,2019,2277.0,2017.0,4.0,2017.0,241.0,1.0
2002064000,2023,2027.2,2021.0,4.0,2021.0,280.20000000000005,1.0
2002077000,2023,1508.0,2021.0,4.0,2021.0,0.0,1.0
2002197000,2020,2592.0,2018.0,5.0,2018.0,1368.0,2.0
2002330000,2011,2223.0,2009.0,5.0,2009.0,-8.0,1.0
2002342000,2010,2592.0,2009.0,5.0,2009.0,448.0,1.0
2002476000,2023,1828.0,2021.0,4.0,2021.0,34.0,1.0
2002560000,2023,1801.0,2021.0,17.0,2021.0,0.0,14.0
2002566000,2022,2210.0,2020.0,4.0,2020.0,364.0,1.0
2002761000,2012,752.0,2010.0,3.0,2010.0,0.0,1.0
2002885000,2019,2600.0,2017.0,7.0,2017.0,-52.0,1.0
2003322000,2018,3379.0,2016.0,7.0,2016.0,649.0,2.0
2003485000,2022,2048.0,2020.0,4.0,2020.0,0.0,1.0
2003485000,2023,2355.2,2021.0,4.0,2021.0,307.1999999999998,1.0
2003594001,2022,2236.8,2020.0,3.0,2020.0,571.8000000000002,1.0
2003631000,2023,3076.0,2021.0,5.0,2021.0,1538.0,3.0
2003652010,2018,1992.0,2013.0,4.0,2013.0,504.0,1.0
2003652010,2019,1992.0,2017.0,4.0,2017.0,504.0,1.0
2003986000,2018,2827.0,2012.0,4.0,2012.0,934.0,1.0
2004295000,2022,3287.2,2020.0,5.0,2020.0,401.1999999999998,1.0
2004319000,2018,1543.0,2014.0,4.0,2014.0,0.0,1.0
2004651000,2019,2043.0,2017.0,6.0,2017.0,25.0,1.0
2004749000,2023,3252.8,2021.0,7.0,2021.0,-0.1999999999998181,1.0
2004762000,2020,2567.0,2018.0,5.0,2018.0,0.0,2.0
2004799000,2018,3432.0,2013.0,6.0,2013.0,0.0,1.0
2004812000,2018,2343.0,2012.0,6.0,2012.0,-101.0,1.0
2005185000,2023,3855.0,2021.0,4.0,2021.0,152.0,1.0
2005298000,2023,2744.95,2021.0,5.0,2021.0,456.9499999999998,1.0
2005323000,2019,1763.0,2014.0,4.0,2014.0,-30.0,1.0
2005440000,2020,1805.0,2012.0,4.0,2012.0,299.0,1.0
2005497000,2019,2560.0,2017.0,4.0,2017.0,0.0,1.0
2005497000,2020,2560.0,2018.0,4.0,2018.0,0.0,1.0
2005671010,2019,3008.0,2014.0,6.0,2014.0,0.0,1.0
2005860000,2023,4230.8,2021.0,6.0,2021.0,1073.8000000000002,1.0
2006178000,2020,1958.0,2018.0,4.0,2018.0,0.0,1.0
2006259002,2022,1976.0,2020.0,4.0,2020.0,988.0,1.0
2006333000,2012,2980.0,2010.0,5.0,2010.0,0.0,1.0
2006475000,2011,2391.0,2009.0,6.0,2009.0,40.0,2.0
2006527000,2023,2913.1,2021.0,5.0,2021.0,192.0999999999999,1.0
2006540000,2018,2966.0,2015.0,6.0,2015.0,0.0,2.0
2006544000,2022,2229.6,2020.0,5.0,2020.0,-0.40000000000009095,1.0
2006544001,2022,2319.6,2020.0,5.0,2020.0,-0.40000000000009095,1.0
2006611000,2013,2388.0,2010.0,4.0,2010.0,5.0,1.0
2006611007,2018,2430.0,2016.0,5.0,2016.0,840.0,1.0
2006906000,2018,2062.0,2016.0,5.0,2016.0,550.0,1.0
2006963000,2018,2240.0,2016.0,3.0,2016.0,1022.0,1.0
2006981000,2018,1768.0,2016.0,3.0,2016.0,648.0,1.0
2007115000,2013,3446.0,2011.0,4.0,2011.0,353.0,1.0
2007352000,2019,2187.0,2017.0,5.0,2017.0,0.0,1.0
2008124000,2018,2094.0,2016.0,4.0,2016.0,336.0,1.0
2008192000,2018,2193.0,2014.0,4.0,2014.0,670.0,1.0
2008196000,2023,1850.0,2021.0,3.0,2021.0,925.0,1.0
2008247000,2019,1728.0,2017.0,4.0,2017.0,864.0,2.0
2008273000,2020,2258.0,2018.0,4.0,2018.0,324.0,1.0
2008305000,2022,1772.8,2020.0,5.0,2020.0,436.79999999999995,2.0
2008527000,2023,1722.5,2021.0,4.0,2021.0,0.5,1.0
2008540000,2018,2264.0,2014.0,4.0,2014.0,752.0,2.0
2008694000,2018,1300.0,2014.0,3.0,2014.0,0.0,1.0
2008751000,2018,2261.0,2013.0,4.0,2013.0,22.0,2.0
2009341000,2018,1352.0,2015.0,3.0,2015.0,0.0,1.0
2009452000,2012,3384.0,2011.0,5.0,2011.0,704.0,1.0
2009545000,2023,1017.0,2021.0,3.0,2021.0,-330.0,1.0
2009599000,2019,1042.0,2014.0,3.0,2014.0,0.0,1.0
2009802000,2022,1884.6,2020.0,3.0,2020.0,297.5999999999999,1.0
2009842000,2022,1458.6,2011.0,5.0,2011.0,-0.40000000000009095,2.0
2010125000,2022,1488.0,2020.0,4.0,2020.0,223.0,1.0
2010179000,2023,2030.0,2021.0,5.0,2021.0,899.0,3.0
2010389000,2018,1408.0,2013.0,4.0,2013.0,414.0,1.0
2010582000,2018,2132.0,2013.0,5.0,2013.0,432.0,1.0
2010688000,2020,1619.0,2018.0,4.0,2018.0,0.0,1.0
2010689024,2018,2942.0,2015.0,4.0,2015.0,1114.0,1.0
2010784006,2012,2618.0,2010.0,5.0,2010.0,769.0,2.0
2011926000,2018,2150.0,2014.0,5.0,2014.0,560.0,1.0
2012030001,2019,2741.0,2017.0,5.0,2017.0,915.0,2.0
2012051015,2018,1870.0,2013.0,4.0,2013.0,-319.0,1.0
2012082000,2022,4048.0,2019.0,7.0,2019.0,1008.0,1.0
2012122000,2019,1469.0,2015.0,4.0,2015.0,0.0,1.0
2012122000,2020,1469.0,2018.0,4.0,2018.0,0.0,1.0
2012242000,2013,2806.0,2011.0,6.0,2011.0,0.0,2.0
2012250001,2019,2446.0,2015.0,5.0,2015.0,0.0,1.0
2100452000,2018,2764.0,2012.0,5.0,2012.0,224.0,1.0
2100485000,2018,3959.0,2016.0,10.0,2016.0,0.0,4.0
2100593000,2011,5289.0,2009.0,11.0,2009.0,0.0,2.0
2100974000,2018,3246.0,2013.0,11.0,2013.0,520.0,3.0
2101085000,2011,2543.0,2009.0,10.0,2009.0,598.0,4.0
2101135000,2022,1612.0,2020.0,5.0,2020.0,0.0,2.0
2101309000,2011,2733.0,2002.0,3.0,2012.0,1985.0,1.0
2101309000,2018,3414.0,2012.0,7.0,2012.0,681.0,4.0
2101370000,2020,3180.0,2018.0,10.0,2018.0,11.0,1.0
2101607000,2013,3459.0,2011.0,7.0,2011.0,2019.0,3.0
2102487000,2018,5033.0,2012.0,15.0,2012.0,0.0,4.0
2102489000,2018,4468.0,2015.0,9.0,2015.0,8.0,3.0
2102564000,2018,2620.0,2016.0,8.0,2016.0,-19.0,2.0
2102602000,2020,2539.0,2018.0,5.0,2018.0,523.0,1.0
2102604000,2018,2931.0,2013.0,6.0,2013.0,731.0,2.0
2102739000,2023,2632.0,2021.0,5.0,2021.0,0.0,1.0
2102845000,2018,2954.0,2012.0,9.0,2012.0,229.0,2.0
2102871000,2018,3866.0,2013.0,9.0,2013.0,0.0,2.0
2200050000,2023,1865.6,2021.0,6.0,2021.0,297.5999999999999,2.0
2200052000,2018,2456.0,2014.0,5.0,2014.0,664.0,1.0
2200076000,2018,1277.0,2012.0,4.0,2012.0,213.0,1.0
2200794000,2018,1906.0,2015.0,3.0,2015.0,0.0,1.0
2200802000,2022,3754.8,2020.0,7.0,2020.0,1578.8000000000002,3.0
2200856000,2023,2160.0,2021.0,6.0,2021.0,0.0,2.0
2200943000,2018,3195.0,2014.0,8.0,2014.0,0.0,2.0
2201163000,2018,2422.0,2016.0,5.0,2016.0,-20.0,2.0
2201365000,2019,2459.0,2017.0,7.0,2017.0,14.0,4.0
2201383000,2012,2530.0,2009.0,7.0,2009.0,0.0,3.0
2201397000,2018,3605.0,2015.0,7.0,2015.0,2243.0,4.0
2201583000,2023,3549.0,2021.0,12.0,2021.0,0.0,3.0
2202270000,2020,4597.0,2018.0,10.0,2018.0,635.0,4.0
2202307000,2022,4025.6,2018.0,8.0,2018.0,-5.400000000000091,2.0
2202456000,2018,2828.0,2014.0,7.0,2014.0,718.0,3.0
2202470000,2018,2256.0,2016.0,5.0,2016.0,334.0,2.0
2202498000,2018,2400.0,2015.0,6.0,2015.0,0.0,2.0
2202529000,2022,1404.0,2020.0,4.0,2020.0,204.0,1.0
2202558000,2018,2346.0,2015.0,5.0,2015.0,0.0,1.0
2202559000,2018,4276.0,2013.0,7.0,2013.0,2184.0,3.0
2202605000,2018,4359.0,2014.0,9.0,2014.0,673.0,1.0
2202910000,2018,1468.0,2015.0,2.0,2015.0,720.0,1.0
2203048000,2023,2534.4,2021.0,6.0,2021.0,0.40000000000009095,2.0
2203084000,2018,3818.0,2016.0,7.0,2016.0,0.0,1.0
2203220001,2019,1306.0,2017.0,5.0,2017.0,0.0,1.0
2203501000,2018,3478.0,2016.0,7.0,2016.0,387.0,3.0
2203501000,2019,3478.0,2017.0,6.0,2017.0,387.0,2.0
2203537000,2023,3852.0,2022.0,9.0,2022.0,0.0,3.0
2203640000,2019,3167.0,2015.0,5.0,2015.0,0.0,2.0
2203648000,2019,2959.0,2014.0,7.0,2014.0,475.0,2.0
2203667000,2018,2565.0,2013.0,3.0,2013.0,1425.0,1.0
2203699000,2018,2537.0,2010.0,6.0,2010.0,378.0,2.0
2203785000,2018,1591.0,2013.0,3.0,2013.0,793.0,1.0
2203797000,2012,2956.0,2010.0,7.0,2010.0,930.0,1.0
2203944000,2018,3759.0,2016.0,7.0,2016.0,0.0,1.0
2204088000,2012,3144.0,2011.0,8.0,2011.0,-48.0,2.0
2204094000,2023,4522.8,2021.0,9.0,2021.0,-0.1999999999998181,1.0
2204283000,2018,2105.0,2016.0,4.0,2016.0,655.0,1.0
2204299000,2018,1896.0,2016.0,3.0,2016.0,770.0,1.0
2204334000,2018,1846.0,2013.0,4.0,2013.0,560.0,2.0
2204462000,2022,1522.4,2018.0,3.0,2018.0,212.4000000000001,1.0
2204462000,2023,1522.4,2021.0,3.0,2021.0,212.4000000000001,1.0
2204595000,2018,2803.0,2011.0,6.0,2011.0,524.0,1.0
2204834000,2018,3189.0,2013.0,7.0,2013.0,667.0,3.0
2205228000,2022,3834.0,2019.0,5.0,2019.0,719.0,1.0
2205244000,2018,1730.0,2012.0,6.0,2012.0,14.0,2.0
2205256000,2018,2963.0,2015.0,6.0,2015.0,437.0,1.0
2205265000,2011,3813.0,2009.0,7.0,2009.0,1197.0,3.0
2205338000,2018,2213.0,2016.0,4.0,2016.0,0.0,1.0
2205436000,2012,2307.0,2009.0,6.0,2009.0,0.0,2.0
2205438000,2022,2080.0,2020.0,3.0,2020.0,1120.0,1.0
2205511000,2011,4123.0,2009.0,6.0,2009.0,2223.0,2.0
2205556000,2019,1900.0,2017.0,4.0,2017.0,340.0,1.0
0501474000_,2017,5359.0,2016.0,7.0,2016.0,-80.0,1.0
0501508000_,2017,5047.0,2016.0,5.0,2016.0,0.0,1.0
0501683000_,2017,2554.0,2016.0,5.0,2016.0,160.0,1.0
0503515000_,2017,3817.0,2016.0,5.0,2016.0,0.0,1.0
1100539000_,2017,3784.0,2016.0,6.0,2016.0,858.0,5.0
1901514000_,2017,4968.0,2016.0,6.0,2016.0,2030.0,4.0
