_id,PID,GIS_ID,ST_NUM,ST_NAME,CITY,ZIP_CODE,BLDG_SEQ,NUM_BLDGS,LUC
1,0100001000,0100001000,104.0,PUTNAM ST,EAST BOSTON,2128,1,1,105
2,0100002000,0100002000,197.0,Lexington ST,EAST BOSTON,2128,1,1,105
3,0100003000,0100003000,199.0,Lexington ST,EAST BOSTON,2128,1,1,105
4,0100004000,0100004000,201.0,Lexington ST,EAST BOSTON,2128,1,1,105
5,0100005000,0100005000,203.0,Lexington ST,EAST BOSTON,2128,1,1,104
6,0100006000,0100006000,205.0,Lexington ST,EAST BOSTON,2128,1,1,105
7,0100007000,0100007000,209.0,Lexington ST,EAST BOSTON,2128,1,1,105
8,0100008000,0100008000,213.0,Lexington ST,EAST BOSTON,2128,1,1,105
9,0100009000,0100009000,215.0,Lexington ST,EAST BOSTON,2128,1,1,105
10,0100010000,0100010000,217.0,Lexington ST,EAST BOSTON,2128,1,1,105
72,0100056000,0100056000,254.0,Bennington ST,EAST BOSTON,2128,1,1,327
11,0100011000,0100011000,219.0,Lexington ST,EAST BOSTON,2128,1,1,104
12,0100012000,0100012000,221.0,Lexington ST,EAST BOSTON,2128,1,1,105
13,0100013000,0100013000,223.0,Lexington ST,EAST BOSTON,2128,1,1,105
14,0100014000,0100014000,225.0,Lexington ST,EAST BOSTON,2128,1,1,105
15,0100015000,0100015000,227.0,Lexington ST,EAST BOSTON,2128,1,1,104
99,0100084000,0100084000,376.0,Chelsea ST,EAST BOSTON,2128,1,1,013
16,0100016000,0100016000,235.0,Lexington ST,EAST BOSTON,2128,1,1,104
17,0100017000,0100017000,237.0,Lexington ST,EAST BOSTON,2128,1,1,105
18,0100018000,0100018000,239.0,Lexington ST,EAST BOSTON,2128,1,1,995
19,0100018002,0100018000,239.0,Lexington ST,EAST BOSTON,2128,1,1,102
20,0100018004,0100018000,239.0,Lexington ST,EAST BOSTON,2128,1,1,102
21,0100018006,0100018000,239.0,Lexington ST,EAST BOSTON,2128,1,1,102
22,0100018008,0100018000,239.0,Lexington ST,EAST BOSTON,2128,1,1,102
23,0100019000,0100019000,241.0,Lexington ST,EAST BOSTON,2128,1,1,995
24,0100019002,0100019000,241.0,Lexington ST,EAST BOSTON,2128,1,1,102
25,0100019004,0100019000,241.0,Lexington ST,EAST BOSTON,2128,1,1,102
26,0100019006,0100019000,241.0,Lexington ST,EAST BOSTON,2128,1,1,102
27,0100020000,0100020000,243.0,Lexington ST,EAST BOSTON,2128,1,1,105
28,0100021000,0100021000,243.0,Lexington ST,EAST BOSTON,2128,1,1,101
29,0100022000,0100022000,245.0,Lexington ST,EAST BOSTON,2128,1,1,105
30,0100023000,0100023000,247.0,Lexington ST,EAST BOSTON,2128,1,1,105
31,0100024000,0100024000,249.0,Lexington ST,EAST BOSTON,2128,1,1,995
424,0100359010,0100359010,,Neptune RD,EAST BOSTON,2128,1,1,901
32,0100024002,0100024000,249.0,Lexington ST,EAST BOSTON,2128,1,1,102
95,0100080000,0100080000,390.0,Chelsea ST,EAST BOSTON,2128,1,1,031
33,0100024004,0100024000,249.0,Lexington ST,EAST BOSTON,2128,1,1,102
34,0100024006,0100024000,249.0,Lexington ST,EAST BOSTON,2128,1,1,102
35,0100025000,0100025000,251.0,Lexington ST,EAST BOSTON,2128,1,1,105
36,0100026000,0100026000,31.0,Prescott ST,EAST BOSTON,2128,1,1,104
37,0100027000,0100027000,33.0,Prescott ST,EAST BOSTON,2128,1,1,101
96,0100081000,0100081000,382.0,Chelsea ST,EAST BOSTON,2128,1,1,013
38,0100028000,0100028000,35.0,Prescott ST,EAST BOSTON,2128,1,1,104
39,0100029000,0100029000,37.0,Prescott ST,EAST BOSTON,2128,1,1,105
40,0100030000,0100030000,252.0,PRINCETON ST,EAST BOSTON,2128,1,1,105
41,0100031000,0100031000,250.0,PRINCETON ST,EAST BOSTON,2128,1,1,105
42,0100032000,0100032000,248.0,PRINCETON ST,EAST BOSTON,2128,1,1,104
43,0100033000,0100033000,246.0,PRINCETON ST,EAST BOSTON,2128,1,1,101
44,0100034000,0100034000,244.0,PRINCETON ST,EAST BOSTON,2128,1,1,104
45,0100035000,0100035000,242.0,PRINCETON ST,EAST BOSTON,2128,1,1,105
46,0100036000,0100036000,240.0,PRINCETON ST,EAST BOSTON,2128,1,1,105
47,0100037000,0100037000,238.0,PRINCETON ST,EAST BOSTON,2128,1,1,109
48,0100038000,0100038000,236.0,PRINCETON ST,EAST BOSTON,2128,1,1,105
97,0100082000,0100082000,380.0,Chelsea ST,EAST BOSTON,2128,1,1,013
49,0100039000,0100039000,234.0,PRINCETON ST,EAST BOSTON,2128,1,1,105
50,0100040000,0100040000,226.0,PRINCETON ST,EAST BOSTON,2128,1,1,120
51,0100041000,0100041000,224.0,PRINCETON ST,EAST BOSTON,2128,1,1,995
52,0100041002,0100041000,224.0,PRINCETON ST,EAST BOSTON,2128,1,1,102
53,0100041004,0100041000,224.0,PRINCETON ST,EAST BOSTON,2128,1,1,102
54,0100041006,0100041000,224.0,PRINCETON ST,EAST BOSTON,2128,1,1,102
8290,0105537000,0105537000,,London ST,EAST BOSTON,2128,1,1,985
55,0100041008,0100041000,224.0,PRINCETON ST,EAST BOSTON,2128,1,1,102
56,0100042000,0100042000,222.0,PRINCETON ST,EAST BOSTON,2128,1,1,104
57,0100043000,0100043000,218.0,PRINCETON ST,EAST BOSTON,2128,1,1,105
58,0100044000,0100044000,216.0,PRINCETON ST,EAST BOSTON,2128,1,1,105
59,0100045000,0100045000,214.0,PRINCETON ST,EAST BOSTON,2128,1,1,105
60,0100046000,0100046000,212.0,PRINCETON ST,EAST BOSTON,2128,1,1,995
61,0100046002,0100046000,212.0,PRINCETON ST,EAST BOSTON,2128,1,1,102
62,0100046004,0100046000,212.0,PRINCETON ST,EAST BOSTON,2128,1,1,102
63,0100047000,0100047000,208.0,PRINCETON ST,EAST BOSTON,2128,1,1,105
100,0100085000,0100085000,300.0,Bennington ST,EAST BOSTON,2128,1,1,320
64,0100048000,0100048000,206.0,PRINCETON ST,EAST BOSTON,2128,1,1,105
65,0100049000,0100049000,204.0,PRINCETON ST,EAST BOSTON,2128,1,1,105
66,0100050000,0100050000,202.0,PRINCETON ST,EAST BOSTON,2128,1,1,104
67,0100051000,0100051000,198.0,PRINCETON ST,EAST BOSTON,2128,1,1,111
68,0100052000,0100052000,112.0,PUTNAM ST,EAST BOSTON,2128,1,1,101
69,0100053000,0100053000,110.0,PUTNAM ST,EAST BOSTON,2128,1,1,101
70,0100054000,0100054000,108.0,PUTNAM ST,EAST BOSTON,2128,1,1,105
71,0100055000,0100055000,106.0,PUTNAM ST,EAST BOSTON,2128,1,1,105
73,0100057000,0100057000,74.0,Prescott ST,EAST BOSTON,2128,1,1,105
74,0100058000,0100058000,72.0,Prescott ST,EAST BOSTON,2128,1,1,105
75,0100059000,0100059000,68.0,Prescott ST,EAST BOSTON,2128,1,1,104
76,0100060000,0100060000,62.0,Prescott ST,EAST BOSTON,2128,1,1,104
77,0100061000,0100061000,399.0,Saratoga ST,EAST BOSTON,2128,1,1,013
78,0100062000,0100062000,403.0,Saratoga ST,EAST BOSTON,2128,1,1,104
79,0100063000,0100063000,407.0,Saratoga ST,EAST BOSTON,2128,1,1,105
80,0100064000,0100064000,409.0,Saratoga ST,EAST BOSTON,2128,1,1,105
81,0100065000,0100065000,411.0,Saratoga ST,EAST BOSTON,2128,1,1,105
82,0100066000,0100066000,413.0,Saratoga ST,EAST BOSTON,2128,1,1,105
83,0100067000,0100067000,421.0,Saratoga ST,EAST BOSTON,2128,1,1,104
98,0100083000,0100083000,378.0,Chelsea ST,EAST BOSTON,2128,1,1,013
84,0100068000,0100068000,423.0,Saratoga ST,EAST BOSTON,2128,1,1,105
85,0100069000,0100069000,425.0,Saratoga ST,EAST BOSTON,2128,1,1,105
86,0100070000,0100070000,427.0,Saratoga ST,EAST BOSTON,2128,1,1,104
87,0100071000,0100071000,429.0,Saratoga ST,EAST BOSTON,2128,1,1,104
88,0100072000,0100072000,431.0,Saratoga ST,EAST BOSTON,2128,1,1,104
101,0100086000,0100086000,296.0,Bennington ST,EAST BOSTON,2128,1,1,320
89,0100073000,0100073000,433.0,Saratoga ST,EAST BOSTON,2128,1,1,105
90,0100074000,0100074000,443.0,Saratoga ST,EAST BOSTON,2128,1,1,104
91,0100075000,0100075000,445.0,Saratoga ST,EAST BOSTON,2128,1,1,105
92,0100076000,0100076000,447.0,Saratoga ST,EAST BOSTON,2128,1,1,105
93,0100077000,0100077000,449.0,Saratoga ST,EAST BOSTON,2128,1,1,013
94,0100079000,0100079000,392.0,Chelsea ST,EAST BOSTON,2128,1,1,333
423,0100359005,0100359005,,Neptune RD,EAST BOSTON,2128,1,1,901
102,0100087000,0100087000,294.0,Bennington ST,EAST BOSTON,2128,1,1,325
103,0100088000,0100088000,292.0,Bennington ST,EAST BOSTON,2128,1,1,013
104,0100089000,0100089000,290.0,Bennington ST,EAST BOSTON,2128,1,1,013
105,0100090000,0100090000,288.0,Bennington ST,EAST BOSTON,2128,1,1,325
106,0100091000,0100091000,282.0,Bennington ST,EAST BOSTON,2128,1,1,320
107,0100092000,0100092000,276.0,Bennington ST,EAST BOSTON,2128,1,1,327
108,0100093000,0100093000,266.0,Bennington ST,EAST BOSTON,2128,1,1,031
109,0100094000,0100094000,262.0,Bennington ST,EAST BOSTON,2128,1,1,343
110,0100095000,0100095000,258.0,Bennington ST,EAST BOSTON,2128,1,1,013
111,0100096000,0100096000,402.0,Saratoga ST,EAST BOSTON,2128,1,1,013
112,0100097000,0100097000,50.0,Prescott ST,EAST BOSTON,2128,1,1,105
113,0100098000,0100098000,257.0,PRINCETON ST,EAST BOSTON,2128,1,1,013
114,0100099000,0100099000,261.0,PRINCETON ST,EAST BOSTON,2128,1,1,104
115,0100100000,0100100000,263.0,PRINCETON ST,EAST BOSTON,2128,1,1,105
116,0100101000,0100101000,265.0,PRINCETON ST,EAST BOSTON,2128,1,1,105
117,0100102000,0100102000,267.0,PRINCETON ST,EAST BOSTON,2128,1,1,105
118,0100103000,0100103000,271.0,PRINCETON ST,EAST BOSTON,2128,1,1,104
119,0100104000,0100104000,273.0,PRINCETON ST,EAST BOSTON,2128,1,1,105
120,0100105000,0100105000,277.0,PRINCETON ST,EAST BOSTON,2128,1,1,105
121,0100106000,0100106000,279.0,PRINCETON ST,EAST BOSTON,2128,1,1,105
134,0100117000,0100117000,3.0,LAWSON PL,EAST BOSTON,2128,1,1,132
122,0100107000,0100107000,281.0,PRINCETON ST,EAST BOSTON,2128,1,1,105
123,0100108000,0100108000,283.0,PRINCETON ST,EAST BOSTON,2128,1,1,105
124,0100109000,0100109000,285.0,PRINCETON ST,EAST BOSTON,2128,1,1,995
125,0100109002,0100109000,285.0,PRINCETON ST,EAST BOSTON,2128,1,1,102
126,0100109004,0100109000,285.0,PRINCETON ST,EAST BOSTON,2128,1,1,102
127,0100109006,0100109000,285.0,PRINCETON ST,EAST BOSTON,2128,1,1,102
128,0100110000,0100110000,301.0,PRINCETON ST,EAST BOSTON,2128,1,1,104
129,0100111000,0100111000,303.0,PRINCETON ST,EAST BOSTON,2128,1,1,105
130,0100112000,0100112000,305.0,PRINCETON ST,EAST BOSTON,2128,1,1,105
131,0100113000,0100113000,7.0,LAWSON PL,EAST BOSTON,2128,1,1,104
132,0100115000,0100115000,5.0,LAWSON PL,EAST BOSTON,2128,1,1,104
133,0100116000,0100116000,4.0,LAWSON PL,EAST BOSTON,2128,1,1,132
135,0100118000,0100118000,1.0,LAWSON PL,EAST BOSTON,2128,1,1,101
136,0100120000,0100120000,321.0,PRINCETON ST,EAST BOSTON,2128,1,1,985
137,0100120001,0100120001,27.0,Shelby ST,EAST BOSTON,2128,1,1,332
138,0100121000,0100121000,33.0,Shelby ST,EAST BOSTON,2128,1,1,332
139,0100122000,0100122000,470.0,Saratoga ST,EAST BOSTON,2128,1,1,013
140,0100123000,0100123000,468.0,Saratoga ST,EAST BOSTON,2128,1,1,105
141,0100124000,0100124000,466.0,Saratoga ST,EAST BOSTON,2128,1,1,105
8291,0105538000,0105538000,,London ST,EAST BOSTON,2128,1,1,985
142,0100125000,0100125000,464.0,Saratoga ST,EAST BOSTON,2128,1,1,105
143,0100126000,0100126000,462.0,Saratoga ST,EAST BOSTON,2128,1,1,105
144,0100127000,0100127000,460.0,Saratoga ST,EAST BOSTON,2128,1,1,105
145,0100128000,0100128000,458.0,Saratoga ST,EAST BOSTON,2128,1,1,105
146,0100129000,0100129000,456.0,Saratoga ST,EAST BOSTON,2128,1,1,105
158,0100141000,0100141000,420.0,Saratoga ST,EAST BOSTON,2128,1,1,995
147,0100130000,0100130000,454.0,Saratoga ST,EAST BOSTON,2128,1,1,105
148,0100131000,0100131000,670.0,Saratoga ST,EAST BOSTON,2128,1,1,106
149,0100132000,0100132000,442.0,Saratoga ST,EAST BOSTON,2128,1,1,105
150,0100133000,0100133000,440.0,Saratoga ST,EAST BOSTON,2128,1,1,105
151,0100134000,0100134000,438.0,Saratoga ST,EAST BOSTON,2128,1,1,105
152,0100135000,0100135000,432.0,Saratoga ST,EAST BOSTON,2128,1,1,105
8292,0105539000,0105539000,,London ST,EAST BOSTON,2128,1,1,985
153,0100136000,0100136000,428.0,Saratoga ST,EAST BOSTON,2128,1,1,105
154,0100137000,0100137000,426.0,Saratoga ST,EAST BOSTON,2128,1,1,101
359,0100291000,0100291000,,PRINCETON ST,EAST BOSTON,2128,1,1,316
155,0100138000,0100138000,426.0,Saratoga ST,EAST BOSTON,2128,1,1,104
156,0100139000,0100139000,424.0,Saratoga ST,EAST BOSTON,2128,1,1,105
157,0100140000,0100140000,422.0,Saratoga ST,EAST BOSTON,2128,1,1,105
8323,0105569000,0105569000,,Liverpool ST,EAST BOSTON,2128,1,1,985
159,0100141002,0100141000,420.0,Saratoga ST,EAST BOSTON,2128,1,1,102
160,0100141004,0100141000,420.0,Saratoga ST,EAST BOSTON,2128,1,1,102
161,0100141006,0100141000,420.0,Saratoga ST,EAST BOSTON,2128,1,1,102
162,0100142000,0100142000,416.0,Saratoga ST,EAST BOSTON,2128,1,1,105
163,0100143000,0100143000,414.0,Saratoga ST,EAST BOSTON,2128,1,1,105
176,0100153000,0100153000,265.0,Lexington ST,EAST BOSTON,2128,1,1,995
164,0100144000,0100144000,412.0,Saratoga ST,EAST BOSTON,2128,1,1,105
165,0100145000,0100145000,410.0,Saratoga ST,EAST BOSTON,2128,1,1,995
166,0100145002,0100145000,410.0,Saratoga ST,EAST BOSTON,2128,1,1,102
167,0100145004,0100145000,410.0,Saratoga ST,EAST BOSTON,2128,1,1,102
168,0100145006,0100145000,410.0,Saratoga ST,EAST BOSTON,2128,1,1,102
169,0100146000,0100146000,408.0,Saratoga ST,EAST BOSTON,2128,1,1,111
360,0100292000,0100292000,2.0,Eagle SQ,EAST BOSTON,2128,1,1,343
170,0100147000,0100147000,406.0,Saratoga ST,EAST BOSTON,2128,1,1,105
171,0100148000,0100148000,404.0,Saratoga ST,EAST BOSTON,2128,1,1,105
172,0100149000,0100149000,262.0,PRINCETON ST,EAST BOSTON,2128,1,1,105
173,0100150000,0100150000,253.0,Lexington ST,EAST BOSTON,2128,1,1,105
174,0100151000,0100151000,261.0,Lexington ST,EAST BOSTON,2128,1,1,111
175,0100152000,0100152000,263.0,Lexington ST,EAST BOSTON,2128,1,1,111
426,0100365010,0100365010,,Frankfort ST,EAST BOSTON,2128,1,1,985
177,0100153002,0100153000,265.0,Lexington ST,EAST BOSTON,2128,1,1,102
178,0100153004,0100153000,265.0,Lexington ST,EAST BOSTON,2128,1,1,102
179,0100153006,0100153000,265.0,Lexington ST,EAST BOSTON,2128,1,1,102
180,0100153008,0100153000,265.0,Lexington ST,EAST BOSTON,2128,1,1,102
181,0100154000,0100154000,267.0,Lexington ST,EAST BOSTON,2128,1,1,995
182,0100154002,0100154000,267.0,Lexington ST,EAST BOSTON,2128,1,1,102
183,0100154004,0100154000,267.0,Lexington ST,EAST BOSTON,2128,1,1,102
184,0100154006,0100154000,267.0,Lexington ST,EAST BOSTON,2128,1,1,102
185,0100154008,0100154000,267.0,Lexington ST,EAST BOSTON,2128,1,1,102
186,0100155000,0100155000,269.0,Lexington ST,EAST BOSTON,2128,1,1,995
187,0100155002,0100155000,269.0,Lexington ST,EAST BOSTON,2128,1,1,102
188,0100155004,0100155000,269.0,Lexington ST,EAST BOSTON,2128,1,1,102
454,0100400000,0100400000,14.0,Neptune RD,EAST BOSTON,2128,1,1,901
189,0100155006,0100155000,269.0,Lexington ST,EAST BOSTON,2128,1,1,102
190,0100156000,0100156000,271.0,Lexington ST,EAST BOSTON,2128,1,1,105
191,0100157000,0100157000,273.0,Lexington ST,EAST BOSTON,2128,1,1,105
192,0100158000,0100158000,275.0,Lexington ST,EAST BOSTON,2128,1,1,105
193,0100159000,0100159000,279.0,Lexington ST,EAST BOSTON,2128,1,1,105
239,0100192000,0100192000,288.0,PRINCETON ST,EAST BOSTON,2128,1,1,995
194,0100160000,0100160000,281.0,Lexington ST,EAST BOSTON,2128,1,1,105
195,0100161000,0100161000,283.0,Lexington ST,EAST BOSTON,2128,1,1,105
196,0100162000,0100162000,285.0,Lexington ST,EAST BOSTON,2128,1,1,105
197,0100163000,0100163000,287.0,Lexington ST,EAST BOSTON,2128,1,1,104
198,0100164000,0100164000,289.0,Lexington ST,EAST BOSTON,2128,1,1,101
378,0100315000,0100315000,343.0,Chelsea ST,EAST BOSTON,2128,1,1,319
199,0100165000,0100165000,291.0,Lexington ST,EAST BOSTON,2128,1,1,104
200,0100166000,0100166000,293.0,Lexington ST,EAST BOSTON,2128,1,1,105
201,0100167000,0100167000,295.0,Lexington ST,EAST BOSTON,2128,1,1,105
202,0100168000,0100168000,297.0,Lexington ST,EAST BOSTON,2128,1,1,105
203,0100169000,0100169000,299.0,Lexington ST,EAST BOSTON,2128,1,1,105
204,0100170000,0100170000,301.0,Lexington ST,EAST BOSTON,2128,1,1,105
205,0100171000,0100171000,303.0,Lexington ST,EAST BOSTON,2128,1,1,101
206,0100172000,0100172000,305.0,Lexington ST,EAST BOSTON,2128,1,1,101
207,0100173000,0100173000,307.0,Lexington ST,EAST BOSTON,2128,1,1,105
208,0100174000,0100174000,309.0,Lexington ST,EAST BOSTON,2128,1,1,105
209,0100175000,0100175000,311.0,Lexington ST,EAST BOSTON,2128,1,1,995
210,0100175002,0100175000,311.0,Lexington ST,EAST BOSTON,2128,1,1,102
13573,0201930003,0201930000,,Cambridge ST,CHARLESTOWN,2129,1,1,320
211,0100175004,0100175000,311.0,Lexington ST,EAST BOSTON,2128,1,1,102
212,0100175006,0100175000,311.0,Lexington ST,EAST BOSTON,2128,1,1,102
213,0100176000,0100176000,313.0,Lexington ST,EAST BOSTON,2128,1,1,105
214,0100177000,0100177000,5.0,Shelby ST,EAST BOSTON,2128,1,1,995
215,0100177002,0100177000,5.0,Shelby ST,EAST BOSTON,2128,1,1,102
216,0100177004,0100177000,5.0,Shelby ST,EAST BOSTON,2128,1,1,102
455,0100401000,0100401000,,VIENNA ST,EAST BOSTON,2128,1,1,901
217,0100177006,0100177000,5.0,Shelby ST,EAST BOSTON,2128,1,1,102
218,0100178000,0100178000,9.0,Shelby ST,EAST BOSTON,2128,1,1,112
219,0100179000,0100179000,324.0,PRINCETON ST,EAST BOSTON,2128,1,1,105
220,0100179001,0100179001,322.0,PRINCETON ST,EAST BOSTON,2128,1,1,105
221,0100179002,0100179002,,PRINCETON ST,EAST BOSTON,2128,1,1,132
287,0100231000,0100231000,2.0,LEXINGTON SQ,EAST BOSTON,2128,1,1,101
379,0100316000,0100316000,347.0,Chelsea ST,EAST BOSTON,2128,1,1,326
222,0100180000,0100180000,320.0,PRINCETON ST,EAST BOSTON,2128,1,1,105
223,0100181000,0100181000,318.0,PRINCETON ST,EAST BOSTON,2128,1,1,995
224,0100181002,0100181000,318.0,PRINCETON ST,EAST BOSTON,2128,1,1,102
225,0100181004,0100181000,318.0,PRINCETON ST,EAST BOSTON,2128,1,1,102
226,0100181006,0100181000,318.0,PRINCETON ST,EAST BOSTON,2128,1,1,102
227,0100182000,0100182000,316.0,PRINCETON ST,EAST BOSTON,2128,1,1,105
228,0100183000,0100183000,314.0,PRINCETON ST,EAST BOSTON,2128,1,1,105
229,0100184000,0100184000,312.0,PRINCETON ST,EAST BOSTON,2128,1,1,105
230,0100185000,0100185000,310.0,PRINCETON ST,EAST BOSTON,2128,1,1,105
231,0100186000,0100186000,302.0,PRINCETON ST,EAST BOSTON,2128,1,1,995
232,0100186002,0100186000,302.0,PRINCETON ST,EAST BOSTON,2128,1,1,102
233,0100186004,0100186000,302.0,PRINCETON ST,EAST BOSTON,2128,1,1,102
234,0100187000,0100187000,300.0,PRINCETON ST,EAST BOSTON,2128,1,1,101
235,0100188000,0100188000,298.0,PRINCETON ST,EAST BOSTON,2128,1,1,101
236,0100189000,0100189000,296.0,PRINCETON ST,EAST BOSTON,2128,1,1,101
237,0100190000,0100190000,294.0,PRINCETON ST,EAST BOSTON,2128,1,1,101
288,0100232000,0100232000,306.0,Lexington ST,EAST BOSTON,2128,1,1,111
238,0100191000,0100191000,292.0,PRINCETON ST,EAST BOSTON,2128,1,1,101
456,0100401001,0100401001,,VIENNA ST,EAST BOSTON,2128,1,1,902
240,0100192002,0100192000,288.0,PRINCETON ST,EAST BOSTON,2128,1,1,102
241,0100192004,0100192000,288.0,PRINCETON ST,EAST BOSTON,2128,1,1,102
242,0100192006,0100192000,288.0,PRINCETON ST,EAST BOSTON,2128,1,1,102
243,0100193000,0100193000,286.0,PRINCETON ST,EAST BOSTON,2128,1,1,104
244,0100194000,0100194000,284.0,PRINCETON ST,EAST BOSTON,2128,1,1,995
245,0100194002,0100194000,284.0,PRINCETON ST,EAST BOSTON,2128,1,1,102
6071,0104577000,0104577000,,Marginal ST,EAST BOSTON,2128,1,1,902
246,0100194004,0100194000,284.0,PRINCETON ST,EAST BOSTON,2128,1,1,102
247,0100195010,0100195010,278.0,PRINCETON ST,EAST BOSTON,2128,1,1,104
248,0100195020,0100195020,278.0,PRINCETON ST,EAST BOSTON,2128,1,1,101
249,0100196000,0100196000,276.0,PRINCETON ST,EAST BOSTON,2128,1,1,995
250,0100196002,0100196000,276.0,PRINCETON ST,EAST BOSTON,2128,1,1,102
251,0100196004,0100196000,276.0,PRINCETON ST,EAST BOSTON,2128,1,1,102
380,0100317000,0100317000,351.0,Chelsea ST,EAST BOSTON,2128,1,1,013
252,0100196006,0100196000,276.0,PRINCETON ST,EAST BOSTON,2128,1,1,102
253,0100197000,0100197000,274.0,PRINCETON ST,EAST BOSTON,2128,1,1,105
254,0100198000,0100198000,272.0,PRINCETON ST,EAST BOSTON,2128,1,1,105
255,0100199000,0100199000,270.0,PRINCETON ST,EAST BOSTON,2128,1,1,105
256,0100200000,0100200000,268.0,PRINCETON ST,EAST BOSTON,2128,1,1,105
381,0100318000,0100318000,353.0,Chelsea ST,EAST BOSTON,2128,1,1,013
257,0100201000,0100201000,266.0,PRINCETON ST,EAST BOSTON,2128,1,1,105
258,0100202000,0100202000,256.0,Lexington ST,EAST BOSTON,2128,1,1,105
259,0100203000,0100203000,10.0,Prescott ST,EAST BOSTON,2128,1,1,105
260,0100204000,0100204000,8.0,Prescott ST,EAST BOSTON,2128,1,1,105
261,0100205000,0100205000,6.0,Prescott ST,EAST BOSTON,2128,1,1,105
291,0100235000,0100235000,298.0,Lexington ST,EAST BOSTON,2128,1,1,101
262,0100206000,0100206000,217.0,Trenton ST,EAST BOSTON,2128,1,1,105
263,0100207000,0100207000,219.0,Trenton ST,EAST BOSTON,2128,1,1,105
264,0100208000,0100208000,221.0,Trenton ST,EAST BOSTON,2128,1,1,105
265,0100209000,0100209000,223.0,Trenton ST,EAST BOSTON,2128,1,1,104
266,0100210000,0100210000,225.0,Trenton ST,EAST BOSTON,2128,1,1,104
389,0100326000,0100326000,291.0,Bennington ST,EAST BOSTON,2128,1,1,013
267,0100211000,0100211000,229.0,Trenton ST,EAST BOSTON,2128,1,1,104
268,0100212000,0100212000,233.0,Trenton ST,EAST BOSTON,2128,1,1,101
269,0100213000,0100213000,237.0,Trenton ST,EAST BOSTON,2128,1,1,995
270,0100213002,0100213000,237.0,Trenton ST,EAST BOSTON,2128,1,1,102
271,0100213004,0100213000,237.0,Trenton ST,EAST BOSTON,2128,1,1,102
272,0100213006,0100213000,239.0,Trenton ST,EAST BOSTON,2128,1,1,102
273,0100213008,0100213000,239.0,Trenton ST,EAST BOSTON,2128,1,1,102
274,0100218000,0100218000,247.0,Trenton ST,EAST BOSTON,2128,1,1,105
275,0100219000,0100219000,291.0,E EAGLE ST,EAST BOSTON,2128,1,1,105
276,0100220000,0100220000,297.0,E EAGLE ST,EAST BOSTON,2128,1,1,105
277,0100221000,0100221000,301.0,E EAGLE ST,EAST BOSTON,2128,1,1,101
390,0100327000,0100327000,295.0,Bennington ST,EAST BOSTON,2128,1,1,013
278,0100222000,0100222000,303.0,E EAGLE ST,EAST BOSTON,2128,1,1,101
279,0100223000,0100223000,305.0,E EAGLE ST,EAST BOSTON,2128,1,1,101
280,0100224000,0100224000,307.0,E EAGLE ST,EAST BOSTON,2128,1,1,101
281,0100225000,0100225000,309.0,E EAGLE ST,EAST BOSTON,2128,1,1,101
282,0100226000,0100226000,311.0,E EAGLE ST,EAST BOSTON,2128,1,1,105
292,0100236000,0100236000,296.0,Lexington ST,EAST BOSTON,2128,1,1,101
283,0100227000,0100227000,313.0,E EAGLE ST,EAST BOSTON,2128,1,1,104
284,0100228000,0100228000,315.0,E EAGLE ST,EAST BOSTON,2128,1,1,101
285,0100229000,0100229000,317.0,E EAGLE ST,EAST BOSTON,2128,1,1,101
286,0100230000,0100230000,1.0,LEXINGTON SQ,EAST BOSTON,2128,1,1,101
289,0100233000,0100233000,302.0,Lexington ST,EAST BOSTON,2128,1,1,101
290,0100234000,0100234000,300.0,Lexington ST,EAST BOSTON,2128,1,1,101
293,0100237000,0100237000,294.0,Lexington ST,EAST BOSTON,2128,1,1,101
294,0100238000,0100238000,292.0,Lexington ST,EAST BOSTON,2128,1,1,101
295,0100239000,0100239000,290.0,Lexington ST,EAST BOSTON,2128,1,1,101
296,0100240000,0100240000,288.0,Lexington ST,EAST BOSTON,2128,1,1,101
297,0100241000,0100241000,286.0,Lexington ST,EAST BOSTON,2128,1,1,105
298,0100242000,0100242000,284.0,Lexington ST,EAST BOSTON,2128,1,1,105
299,0100243000,0100243000,282.0,Lexington ST,EAST BOSTON,2128,1,1,105
300,0100244000,0100244000,282.0,Lexington ST,EAST BOSTON,2128,1,1,111
301,0100245000,0100245000,280.0,Lexington ST,EAST BOSTON,2128,1,1,105
302,0100246000,0100246000,278.0,Lexington ST,EAST BOSTON,2128,1,1,104
303,0100247000,0100247000,276.0,Lexington ST,EAST BOSTON,2128,1,1,104
304,0100248000,0100248000,274.0,Lexington ST,EAST BOSTON,2128,1,1,105
305,0100249000,0100249000,270.0,Lexington ST,EAST BOSTON,2128,1,1,101
306,0100250000,0100250000,266.0,Lexington ST,EAST BOSTON,2128,1,1,995
307,0100250002,0100250000,266.0,Lexington ST,EAST BOSTON,2128,1,1,102
308,0100250004,0100250000,266.0,Lexington ST,EAST BOSTON,2128,1,1,102
309,0100250006,0100250000,266.0,Lexington ST,EAST BOSTON,2128,1,1,102
310,0100251000,0100251000,264.0,Lexington ST,EAST BOSTON,2128,1,1,101
398,0100335000,0100335000,,Bremen ST,EAST BOSTON,2128,1,1,337
311,0100252000,0100252000,262.0,Lexington ST,EAST BOSTON,2128,1,1,101
312,0100253000,0100253000,260.0,Lexington ST,EAST BOSTON,2128,1,1,104
313,0100254000,0100254000,258.0,Lexington ST,EAST BOSTON,2128,1,1,105
314,0100255000,0100255000,2.0,Shelby ST,EAST BOSTON,2128,1,1,105
315,0100256000,0100256000,317.0,Lexington ST,EAST BOSTON,2128,1,1,105
316,0100257000,0100257000,325.0,E EAGLE ST,EAST BOSTON,2128,1,1,995
317,0100257002,0100257000,325.0,E EAGLE ST,EAST BOSTON,2128,1,1,102
318,0100257004,0100257000,325.0,E EAGLE ST,EAST BOSTON,2128,1,1,102
319,0100257006,0100257000,325.0,E EAGLE ST,EAST BOSTON,2128,1,1,102
320,0100258000,0100258000,327.0,E EAGLE ST,EAST BOSTON,2128,1,1,105
321,0100259000,0100259000,329.0,E EAGLE ST,EAST BOSTON,2128,1,1,105
322,0100260000,0100260000,331.0,E EAGLE ST,EAST BOSTON,2128,1,1,105
323,0100261000,0100261000,333.0,E EAGLE ST,EAST BOSTON,2128,1,1,105
324,0100262000,0100262000,335.0,E EAGLE ST,EAST BOSTON,2128,1,1,105
325,0100263000,0100263000,337.0,E EAGLE ST,EAST BOSTON,2128,1,1,105
326,0100264000,0100264000,,E EAGLE ST,EAST BOSTON,2128,1,1,337
327,0100265000,0100265000,,E EAGLE ST,EAST BOSTON,2128,1,1,337
328,0100266000,0100266000,,PRINCETON ST,EAST BOSTON,2128,1,1,337
329,0100267000,0100267000,,PRINCETON ST,EAST BOSTON,2128,1,1,337
336,0100271006,0100271000,356.0,PRINCETON ST,EAST BOSTON,2128,1,1,102
330,0100268000,0100268000,362.0,PRINCETON ST,EAST BOSTON,2128,1,1,105
331,0100269000,0100269000,360.0,PRINCETON ST,EAST BOSTON,2128,1,1,105
332,0100270000,0100270000,358.0,PRINCETON ST,EAST BOSTON,2128,1,1,105
333,0100271000,0100271000,356.0,PRINCETON ST,EAST BOSTON,2128,1,1,995
334,0100271002,0100271000,356.0,PRINCETON ST,EAST BOSTON,2128,1,1,102
335,0100271004,0100271000,356.0,PRINCETON ST,EAST BOSTON,2128,1,1,102
337,0100272000,0100272000,352.0,PRINCETON ST,EAST BOSTON,2128,1,1,105
338,0100273000,0100273000,,PRINCETON ST,EAST BOSTON,2128,1,1,132
339,0100274000,0100274000,342.0,PRINCETON ST,EAST BOSTON,2128,1,1,109
358,0100290000,0100290000,,PRINCETON ST,EAST BOSTON,2128,1,1,402
340,0100275000,0100275000,18.0,Shelby ST,EAST BOSTON,2128,1,1,105
341,0100276000,0100276000,16.0,Shelby ST,EAST BOSTON,2128,1,1,105
420,0100359000,0100359000,,Neptune RD,EAST BOSTON,2128,1,1,985
342,0100277000,0100277000,14.0,Shelby ST,EAST BOSTON,2128,1,1,105
343,0100278000,0100278000,12.0,Shelby ST,EAST BOSTON,2128,1,1,105
344,0100279000,0100279000,10.0,Shelby ST,EAST BOSTON,2128,1,1,111
345,0100280000,0100280000,8.0,Shelby ST,EAST BOSTON,2128,1,1,105
346,0100281000,0100281000,6.0,Shelby ST,EAST BOSTON,2128,1,1,995
347,0100281002,0100281000,6.0,Shelby ST,EAST BOSTON,2128,1,1,102
421,0100359001,0100359001,405.0,Frankfort ST,EAST BOSTON,2128,1,1,902
348,0100281004,0100281000,6.0,Shelby ST,EAST BOSTON,2128,1,1,102
349,0100281006,0100281000,6.0,Shelby ST,EAST BOSTON,2128,1,1,102
350,0100282000,0100282000,22.0,Shelby ST,EAST BOSTON,2128,1,1,013
351,0100283000,0100283000,345.0,PRINCETON ST,EAST BOSTON,2128,1,1,332
352,0100284000,0100284000,347.0,PRINCETON ST,EAST BOSTON,2128,1,1,105
353,0100285000,0100285000,349.0,PRINCETON ST,EAST BOSTON,2128,1,1,101
422,0100359002,0100359002,409.0,Frankfort ST,EAST BOSTON,2128,1,1,985
354,0100286000,0100286000,357.0,PRINCETON ST,EAST BOSTON,2128,1,1,104
355,0100287000,0100287000,359.0,PRINCETON ST,EAST BOSTON,2128,1,1,101
356,0100288000,0100288000,361.0,PRINCETON ST,EAST BOSTON,2128,1,1,104
357,0100289000,0100289000,,PRINCETON ST,EAST BOSTON,2128,1,1,106
361,0100293000,0100293000,434.0,Chelsea ST,EAST BOSTON,2128,1,1,031
362,0100294000,0100294000,432.0,Chelsea ST,EAST BOSTON,2128,1,1,109
369,0100301000,0100301000,480.0,Saratoga ST,EAST BOSTON,2128,1,1,105
363,0100295000,0100295000,430.0,Chelsea ST,EAST BOSTON,2128,1,1,105
364,0100296000,0100296000,428.0,Chelsea ST,EAST BOSTON,2128,1,1,105
365,0100297000,0100297000,426.0,Chelsea ST,EAST BOSTON,2128,1,1,105
366,0100298000,0100298000,424.0,Chelsea ST,EAST BOSTON,2128,1,1,013
367,0100299000,0100299000,422.0,Chelsea ST,EAST BOSTON,2128,1,1,105
368,0100300000,0100300000,420.0,Chelsea ST,EAST BOSTON,2128,1,1,105
370,0100302000,0100302000,478.0,Saratoga ST,EAST BOSTON,2128,1,1,105
371,0100303000,0100303000,476.0,Saratoga ST,EAST BOSTON,2128,1,1,013
372,0100303001,0100303001,474.0,Saratoga ST,EAST BOSTON,2128,1,1,031
373,0100304000,0100304000,34.0,Shelby ST,EAST BOSTON,2128,1,1,111
374,0100305000,0100305000,32.0,Shelby ST,EAST BOSTON,2128,1,1,111
375,0100306000,0100306000,30.0,Shelby ST,EAST BOSTON,2128,1,1,332
376,0100307000,0100307000,26.0,Shelby ST,EAST BOSTON,2128,1,1,105
377,0100312000,0100312000,25.0,GLENDON ST,EAST BOSTON,2128,1,1,985
382,0100319000,0100319000,355.0,Chelsea ST,EAST BOSTON,2128,1,1,105
383,0100320000,0100320000,357.0,Chelsea ST,EAST BOSTON,2128,1,1,105
384,0100321000,0100321000,359.0,Chelsea ST,EAST BOSTON,2128,1,1,337
385,0100322000,0100322000,365.0,Chelsea ST,EAST BOSTON,2128,1,1,111
386,0100323000,0100323000,369.0,Chelsea ST,EAST BOSTON,2128,1,1,104
387,0100324000,0100324000,371.0,Chelsea ST,EAST BOSTON,2128,1,1,342
388,0100325000,0100325000,373.0,Chelsea ST,EAST BOSTON,2128,1,1,031
391,0100328000,0100328000,299.0,Bennington ST,EAST BOSTON,2128,1,1,105
392,0100329000,0100329000,303.0,Bennington ST,EAST BOSTON,2128,1,1,031
393,0100330000,0100330000,307.0,Bennington ST,EAST BOSTON,2128,1,1,031
394,0100331000,0100331000,309.0,Bennington ST,EAST BOSTON,2128,1,1,031
395,0100332000,0100332000,313.0,Bennington ST,EAST BOSTON,2128,1,1,031
396,0100333000,0100333000,319.0,Bennington ST,EAST BOSTON,2128,1,1,104
397,0100334000,0100334000,325.0,Bennington ST,EAST BOSTON,2128,1,1,465
486,0100435010,0100435010,,BOSTON AND MAINE RR,EAST BOSTON,2128,1,1,902
399,0100336000,0100336000,412.0,Bremen ST,EAST BOSTON,2128,1,1,101
400,0100337000,0100337000,408.0,Bremen ST,EAST BOSTON,2128,1,1,101
401,0100338000,0100338000,404.0,Bremen ST,EAST BOSTON,2128,1,1,332
6070,0104576000,0104576000,,Marginal ST,EAST BOSTON,2128,1,1,902
402,0100339000,0100339000,400.0,Bremen ST,EAST BOSTON,2128,1,1,105
403,0100340000,0100340000,398.0,Bremen ST,EAST BOSTON,2128,1,1,995
404,0100340002,0100340000,398.0,Bremen ST,EAST BOSTON,2128,1,1,102
425,0100364000,0100364000,411.0,Frankfort ST,EAST BOSTON,2128,1,1,986
405,0100340004,0100340000,398.0,Bremen ST,EAST BOSTON,2128,1,1,102
406,0100340006,0100340000,398.0,Bremen ST,EAST BOSTON,2128,1,1,102
407,0100340008,0100340000,398.0,Bremen ST,EAST BOSTON,2128,1,1,102
408,0100341000,0100341000,376.0,Bremen ST,EAST BOSTON,2128,1,1,104
409,0100342000,0100342000,372.0,Bremen ST,EAST BOSTON,2128,1,1,013
410,0100343000,0100343000,,Bremen ST,EAST BOSTON,2128,1,1,337
411,0100344000,0100344000,368.0,Bremen ST,EAST BOSTON,2128,1,1,337
412,0100345000,0100345000,366.0,Bremen ST,EAST BOSTON,2128,1,1,104
413,0100346000,0100346000,364.0,Bremen ST,EAST BOSTON,2128,1,1,105
414,0100347000,0100347000,364.0,Bremen ST,EAST BOSTON,2128,1,1,101
415,0100348000,0100348000,98.0,Prescott ST,EAST BOSTON,2128,1,1,390
416,0100352000,0100352000,,Neptune RD,EAST BOSTON,2128,1,1,985
417,0100356000,0100356000,38.0,Neptune RD,EAST BOSTON,2128,1,1,985
418,0100357000,0100357000,36.0,Neptune RD,EAST BOSTON,2128,1,1,985
419,0100358000,0100358000,34.0,Neptune RD,EAST BOSTON,2128,1,1,985
539,0100477000,0100477000,413.0,Chelsea ST,EAST BOSTON,2128,1,1,390
427,0100372000,0100372000,431.0,Frankfort ST,EAST BOSTON,2128,1,1,104
428,0100373000,0100373000,433.0,Frankfort ST,EAST BOSTON,2128,1,1,101
429,0100374000,0100374000,435.0,Frankfort ST,EAST BOSTON,2128,1,1,101
430,0100375000,0100375000,,Frankfort ST,EAST BOSTON,2128,1,1,130
431,0100376000,0100376000,441.0,Frankfort ST,EAST BOSTON,2128,1,1,101
432,0100377000,0100377000,443.0,Frankfort ST,EAST BOSTON,2128,1,1,104
433,0100378000,0100378000,447.0,Frankfort ST,EAST BOSTON,2128,1,1,995
434,0100378002,0100378000,447.0,Frankfort ST,EAST BOSTON,2128,1,1,102
435,0100378004,0100378000,447.0,Frankfort ST,EAST BOSTON,2128,1,1,102
436,0100378006,0100378000,447.0,Frankfort ST,EAST BOSTON,2128,1,1,102
437,0100379000,0100379000,449.0,Frankfort ST,EAST BOSTON,2128,1,1,101
438,0100380000,0100380000,453.0,Frankfort ST,EAST BOSTON,2128,1,1,105
439,0100381000,0100381000,455.0,Frankfort ST,EAST BOSTON,2128,1,1,105
440,0100382000,0100382000,1.0,SWIFT TE,EAST BOSTON,2128,1,1,101
441,0100383000,0100383000,5.0,SWIFT TE,EAST BOSTON,2128,1,1,101
442,0100384000,0100384000,9.0,SWIFT TE,EAST BOSTON,2128,1,1,101
443,0100385000,0100385000,15.0,SWIFT TE,EAST BOSTON,2128,1,1,995
444,0100385002,0100385000,15.0,SWIFT TE,EAST BOSTON,2128,1,1,102
445,0100385004,0100385000,15.0,SWIFT TE,EAST BOSTON,2128,1,1,102
446,0100385006,0100385000,15.0,SWIFT TE,EAST BOSTON,2128,1,1,102
447,0100386000,0100386000,19.0,SWIFT TE,EAST BOSTON,2128,1,1,101
448,0100389000,0100389000,27.0,SWIFT TE,EAST BOSTON,2128,1,1,101
449,0100395000,0100395000,24.0,Neptune RD,EAST BOSTON,2128,1,1,985
450,0100396000,0100396000,22.0,Neptune RD,EAST BOSTON,2128,1,1,132
451,0100397000,0100397000,20.0,Neptune RD,EAST BOSTON,2128,1,1,985
452,0100398000,0100398000,18.0,Neptune RD,EAST BOSTON,2128,1,1,901
453,0100399000,0100399000,16.0,Neptune RD,EAST BOSTON,2128,1,1,985
457,0100402000,0100402000,3.0,VIENNA ST,EAST BOSTON,2128,1,1,901
458,0100403000,0100403000,5.0,VIENNA ST,EAST BOSTON,2128,1,1,985
459,0100404000,0100404000,7.0,VIENNA ST,EAST BOSTON,2128,1,1,985
460,0100405000,0100405000,9.0,VIENNA ST,EAST BOSTON,2128,1,1,985
461,0100406000,0100406000,11.0,VIENNA ST,EAST BOSTON,2128,1,1,985
462,0100407000,0100407000,15.0,VIENNA ST,EAST BOSTON,2128,1,1,985
463,0100408000,0100408000,17.0,VIENNA ST,EAST BOSTON,2128,1,1,985
464,0100409000,0100409000,19.0,VIENNA ST,EAST BOSTON,2128,1,1,985
465,0100410000,0100410000,423.0,Bennington ST,EAST BOSTON,2128,1,1,986
466,0100411010,0100411010,,Bennington ST,EAST BOSTON,2128,1,1,985
467,0100412000,0100412000,435.0,Bennington ST,EAST BOSTON,2128,1,1,985
468,0100417000,0100417000,441.0,Bennington ST,EAST BOSTON,2128,1,1,104
469,0100418000,0100418000,,Bennington ST,EAST BOSTON,2128,1,1,132
470,0100419000,0100419000,445.0,Bennington ST,EAST BOSTON,2128,1,1,101
471,0100420000,0100420000,447.0,Bennington ST,EAST BOSTON,2128,1,1,104
472,0100421000,0100421000,449.0,Bennington ST,EAST BOSTON,2128,1,1,104
473,0100422000,0100422000,451.0,Bennington ST,EAST BOSTON,2128,1,1,104
474,0100422001,0100422001,,Frankfort ST,EAST BOSTON,2128,1,1,132
475,0100428010,0100428010,,Frankfort ST,EAST BOSTON,2128,1,1,985
476,0100429000,0100429000,418.0,Frankfort ST,EAST BOSTON,2128,1,1,986
477,0100430000,0100430000,,Frankfort ST,EAST BOSTON,2128,1,1,985
478,0100431000,0100431000,406.0,Frankfort ST,EAST BOSTON,2128,1,1,986
479,0100432000,0100432000,404.0,Frankfort ST,EAST BOSTON,2128,1,1,985
480,0100432001,0100432001,,Frankfort ST,EAST BOSTON,2128,1,1,901
481,0100432002,0100432002,,Frankfort ST,EAST BOSTON,2128,1,1,901
482,0100433000,0100433000,,CHELSEA CREEK,EAST BOSTON,2128,1,1,986
483,0100434000,0100434000,,BELLE ISLE INLET,EAST BOSTON,2128,1,1,390
484,0100435000,0100435000,,BELLE ISLE INLET,EAST BOSTON,2128,1,1,387
485,0100435005,0100435005,,BOSTON AND MAINE RR,EAST BOSTON,2128,1,1,985
487,0100436000,0100436000,,BOSTON AND MAINE RR,EAST BOSTON,2128,1,1,392
488,0100436001,0100436001,,BOSTON AND MAINE RR,EAST BOSTON,2128,1,1,986
489,0100436003,0100436001,,WM F MCCLELLAN HW,EAST BOSTON,2128,1,1,465
490,0100437000,0100437000,150.0,WM F MCCLELLAN HW,EAST BOSTON,2128,1,1,312
491,0100437100,0100437100,,WM F MCCLELLAN HW,EAST BOSTON,2128,1,1,986
492,0100438000,0100438000,,WM F MCCLELLAN HW,EAST BOSTON,2128,1,1,986
532,0100470000,0100470000,399.0,Chelsea ST,EAST BOSTON,2128,1,1,031
493,0100438010,0100438010,,WM F MCCLELLAN HW,EAST BOSTON,2128,1,1,316
494,0100439000,0100439000,,Curtis ST,EAST BOSTON,2128,1,1,420
495,0100439020,0100439020,,Chelsea ST,EAST BOSTON,2128,1,1,985
496,0100439030,0100439030,611.0,Chelsea ST,EAST BOSTON,2128,1,1,986
497,0100440010,0100440010,605.0,Chelsea ST,EAST BOSTON,2128,1,1,446
498,0100441010,0100441010,545.0,Chelsea ST,EAST BOSTON,2128,1,1,420
499,0100441060,0100441060,,Chelsea ST,EAST BOSTON,2128,1,1,986
500,0100441100,0100441100,525.0,Chelsea ST,EAST BOSTON,2128,1,1,420
501,0100442000,0100442000,546.0,Saratoga ST,EAST BOSTON,2128,1,1,101
502,0100443000,0100443000,544.0,Saratoga ST,EAST BOSTON,2128,1,1,105
503,0100444000,0100444000,542.0,Saratoga ST,EAST BOSTON,2128,1,1,105
504,0100445010,0100445010,540.0,Saratoga ST,EAST BOSTON,2128,1,1,105
505,0100445020,0100445020,433.0,Chelsea ST,EAST BOSTON,2128,1,1,104
506,0100446000,0100446000,538.0,Saratoga ST,EAST BOSTON,2128,1,1,105
507,0100447000,0100447000,534.0,Saratoga ST,EAST BOSTON,2128,1,1,105
508,0100448000,0100448000,526.0,Saratoga ST,EAST BOSTON,2128,1,1,105
515,0100455000,0100455000,429.0,Chelsea ST,EAST BOSTON,2128,1,1,995
509,0100449000,0100449000,524.0,Saratoga ST,EAST BOSTON,2128,1,1,105
510,0100450000,0100450000,522.0,Saratoga ST,EAST BOSTON,2128,1,1,105
511,0100451000,0100451000,520.0,Saratoga ST,EAST BOSTON,2128,1,1,105
512,0100452000,0100452000,518.0,Saratoga ST,EAST BOSTON,2128,1,1,105
513,0100453000,0100453000,516.0,Saratoga ST,EAST BOSTON,2128,1,1,105
514,0100454000,0100454000,512.0,Saratoga ST,EAST BOSTON,2128,1,1,013
516,0100455002,0100455000,429.0,Chelsea ST,EAST BOSTON,2128,1,1,102
517,0100455004,0100455000,429.0,Chelsea ST,EAST BOSTON,2128,1,1,102
518,0100455006,0100455000,429.0,Chelsea ST,EAST BOSTON,2128,1,1,102
519,0100456000,0100456000,431.0,Chelsea ST,EAST BOSTON,2128,1,1,101
520,0100457000,0100457000,435.0,Chelsea ST,EAST BOSTON,2128,1,1,104
521,0100458000,0100458000,437.0,Chelsea ST,EAST BOSTON,2128,1,1,101
522,0100459000,0100459000,439.0,Chelsea ST,EAST BOSTON,2128,1,1,104
523,0100460000,0100460000,441.0,Chelsea ST,EAST BOSTON,2128,1,1,332
524,0100461000,0100461000,481.0,Chelsea ST,EAST BOSTON,2128,1,1,316
525,0100462000,0100462000,,Chelsea ST,EAST BOSTON,2128,1,1,420
526,0100463000,0100463000,452.0,Bremen ST,EAST BOSTON,2128,1,1,335
527,0100464000,0100464000,360.0,Bennington ST,EAST BOSTON,2128,1,1,013
528,0100465000,0100465000,356.0,Bennington ST,EAST BOSTON,2128,1,1,328
529,0100467000,0100467000,,Bennington ST,EAST BOSTON,2128,1,1,326
530,0100468000,0100468000,336.0,Bennington ST,EAST BOSTON,2128,1,1,327
531,0100469000,0100469000,397.0,Chelsea ST,EAST BOSTON,2128,1,1,031
533,0100471000,0100471000,401.0,Chelsea ST,EAST BOSTON,2128,1,1,013
534,0100472000,0100472000,403.0,Chelsea ST,EAST BOSTON,2128,1,1,105
535,0100473000,0100473000,405.0,Chelsea ST,EAST BOSTON,2128,1,1,031
536,0100474000,0100474000,407.0,Chelsea ST,EAST BOSTON,2128,1,1,013
537,0100475000,0100475000,409.0,Chelsea ST,EAST BOSTON,2128,1,1,013
538,0100476000,0100476000,411.0,Chelsea ST,EAST BOSTON,2128,1,1,031
540,0100478000,0100478000,415.0,Chelsea ST,EAST BOSTON,2128,1,1,390
541,0100479000,0100479000,,Chelsea ST,EAST BOSTON,2128,1,1,390
542,0100481000,0100481000,491.0,Saratoga ST,EAST BOSTON,2128,1,1,319
543,0100482010,0100482010,511.0,Saratoga ST,EAST BOSTON,2128,1,1,320
544,0100483000,0100483000,2.0,Neptune RD,EAST BOSTON,2128,1,1,320
545,0100485010,0100485010,,WM F MCCLELLAN HW,EAST BOSTON,2128,1,1,986
546,0100490000,0100490000,402.0,Bennington ST,EAST BOSTON,2128,1,1,387
547,0100501000,0100501000,398.0,Bennington ST,EAST BOSTON,2128,1,1,104
548,0100502000,0100502000,396.0,Bennington ST,EAST BOSTON,2128,1,1,320
2433,0101987000,0101987000,,Gladstone ST,EAST BOSTON,2128,1,1,130
549,0100503000,0100503000,394.0,Bennington ST,EAST BOSTON,2128,1,1,104
550,0100504000,0100504000,,Bennington ST,EAST BOSTON,2128,1,1,132
551,0100506000,0100506000,,Bennington ST,EAST BOSTON,2128,1,1,132
552,0100507000,0100507000,,Bennington ST,EAST BOSTON,2128,1,1,132
553,0100508000,0100508000,,Bennington ST,EAST BOSTON,2128,1,1,132
554,0100509000,0100509000,,WM F MCCLELLAN HW,EAST BOSTON,2128,1,1,317
555,0100509001,0100509001,,WM F MCCLELLAN HW,EAST BOSTON,2128,1,1,985
556,0100510000,0100510000,670.0,Saratoga ST,EAST BOSTON,2128,1,1,132
557,0100511000,0100511000,587.0,Saratoga ST,EAST BOSTON,2128,1,1,104
2434,0101988000,0101988000,,Gladstone ST,EAST BOSTON,2128,1,1,130
558,0100512000,0100512000,589.0,Saratoga ST,EAST BOSTON,2128,1,1,104
559,0100512001,0100512001,670.0,Saratoga ST,EAST BOSTON,2128,1,1,985
560,0100513000,0100513000,591.0,Saratoga ST,EAST BOSTON,2128,1,1,104
561,0100514000,0100514000,593.0,Saratoga ST,EAST BOSTON,2128,1,1,101
562,0100515000,0100515000,595.0,Saratoga ST,EAST BOSTON,2128,1,1,101
563,0100516000,0100516000,597.0,Saratoga ST,EAST BOSTON,2128,1,1,101
564,0100517000,0100517000,,WM F MCCLELLAN HW,EAST BOSTON,2128,1,1,390
565,0100518000,0100518000,460.0,Bennington ST,EAST BOSTON,2128,1,1,104
566,0100519000,0100519000,456.0,Bennington ST,EAST BOSTON,2128,1,1,101
567,0100520000,0100520000,452.0,Bennington ST,EAST BOSTON,2128,1,1,343
568,0100521000,0100521000,442.0,Bennington ST,EAST BOSTON,2128,1,1,465
569,0100522000,0100522000,415.0,WM F MCCLELLAN HW,EAST BOSTON,2128,1,1,300
570,0100524000,0100524000,,Boardman ST,EAST BOSTON,2128,1,1,985
571,0100526000,0100526000,16.0,Boardman ST,EAST BOSTON,2128,1,1,995
646,0100549003,0100549003,285.0,WM F MCCLELLAN HW,EAST BOSTON,2128,1,1,337
572,0100526002,0100526000,16.0,Boardman ST,EAST BOSTON,2128,1,1,102
573,0100526004,0100526000,16.0,Boardman ST,EAST BOSTON,2128,1,1,102
574,0100526006,0100526000,16.0,Boardman ST,EAST BOSTON,2128,1,1,102
575,0100526008,0100526000,16.0,Boardman ST,EAST BOSTON,2128,1,1,102
576,0100526010,0100526000,16.0,Boardman ST,EAST BOSTON,2128,1,1,102
647,0100549004,0100549004,305.0,WM F MCCLELLAN HW,EAST BOSTON,2128,1,1,391
577,0100526012,0100526000,16.0,Boardman ST,EAST BOSTON,2128,1,1,102
578,0100526014,0100526000,16.0,Boardman ST,EAST BOSTON,2128,1,1,102
579,0100526016,0100526000,16.0,Boardman ST,EAST BOSTON,2128,1,1,102
580,0100526018,0100526000,16.0,Boardman ST,EAST BOSTON,2128,1,1,102
581,0100526020,0100526000,16.0,Boardman ST,EAST BOSTON,2128,1,1,102
648,0100549005,0100549005,365.0,WM F MCCLELLAN HW,EAST BOSTON,2128,1,1,390
582,0100526022,0100526000,16.0,Boardman ST,EAST BOSTON,2128,1,1,102
583,0100526024,0100526000,16.0,Boardman ST,EAST BOSTON,2128,1,1,102
584,0100526026,0100526000,16.0,Boardman ST,EAST BOSTON,2128,1,1,102
585,0100526028,0100526000,16.0,Boardman ST,EAST BOSTON,2128,1,1,102
586,0100526030,0100526000,16.0,Boardman ST,EAST BOSTON,2128,1,1,102
873,0100728000,0100728000,10.0,MOORE ST,EAST BOSTON,2128,1,1,111
587,0100526032,0100526000,16.0,Boardman ST,EAST BOSTON,2128,1,1,102
588,0100526034,0100526000,16.0,Boardman ST,EAST BOSTON,2128,1,1,102
589,0100526036,0100526000,16.0,Boardman ST,EAST BOSTON,2128,1,1,102
590,0100526038,0100526000,16.0,Boardman ST,EAST BOSTON,2128,1,1,102
591,0100528000,0100528000,970.0,Saratoga ST,EAST BOSTON,2128,1,1,337
592,0100529000,0100529000,964.0,Saratoga ST,EAST BOSTON,2128,1,1,031
995,0100850000,0100850000,527.0,Bennington ST,EAST BOSTON,2128,1,1,995
593,0100530000,0100530000,960.0,Saratoga ST,EAST BOSTON,2128,1,1,105
594,0100531000,0100531000,958.0,Saratoga ST,EAST BOSTON,2128,1,1,111
595,0100532000,0100532000,956.0,Saratoga ST,EAST BOSTON,2128,1,1,013
596,0100533000,0100533000,946.0,Saratoga ST,EAST BOSTON,2128,1,1,995
597,0100533002,0100533000,946.0,Saratoga ST,EAST BOSTON,2128,1,1,102
598,0100533004,0100533000,946.0,Saratoga ST,EAST BOSTON,2128,1,1,102
649,0100549006,0100549006,375.0,WM F MCCLELLAN HW,EAST BOSTON,2128,1,1,337
599,0100533006,0100533000,946.0,Saratoga ST,EAST BOSTON,2128,1,1,102
600,0100533008,0100533000,946.0,Saratoga ST,EAST BOSTON,2128,1,1,102
601,0100533010,0100533000,946.0,Saratoga ST,EAST BOSTON,2128,1,1,102
602,0100533012,0100533000,946.0,Saratoga ST,EAST BOSTON,2128,1,1,102
603,0100533014,0100533000,946.0,Saratoga ST,EAST BOSTON,2128,1,1,102
650,0100550000,0100550000,670.0,Saratoga ST,EAST BOSTON,2128,1,1,132
604,0100533016,0100533000,946.0,Saratoga ST,EAST BOSTON,2128,1,1,102
605,0100533018,0100533000,946.0,Saratoga ST,EAST BOSTON,2128,1,1,102
606,0100533020,0100533020,944.0,Saratoga ST,EAST BOSTON,2128,1,1,130
607,0100534000,0100534000,870.0,Saratoga ST,EAST BOSTON,2128,1,1,125
608,0100536000,0100536000,910.0,Saratoga ST,EAST BOSTON,2128,1,1,995
609,0100536002,0100536000,910.0,Saratoga ST,EAST BOSTON,2128,1,1,102
714,0100595000,0100595000,,Addison ST,EAST BOSTON,2128,1,1,332
610,0100536004,0100536000,910.0,Saratoga ST,EAST BOSTON,2128,1,1,102
611,0100536006,0100536000,910.0,Saratoga ST,EAST BOSTON,2128,1,1,102
612,0100536008,0100536000,910.0,Saratoga ST,EAST BOSTON,2128,1,1,102
613,0100536010,0100536000,910.0,Saratoga ST,EAST BOSTON,2128,1,1,102
614,0100536012,0100536000,910.0,Saratoga ST,EAST BOSTON,2128,1,1,102
615,0100536014,0100536000,910.0,Saratoga ST,EAST BOSTON,2128,1,1,102
616,0100536016,0100536000,910.0,Saratoga ST,EAST BOSTON,2128,1,1,102
617,0100536018,0100536000,910.0,Saratoga ST,EAST BOSTON,2128,1,1,102
618,0100536020,0100536000,910.0,Saratoga ST,EAST BOSTON,2128,1,1,102
619,0100536022,0100536000,910.0,Saratoga ST,EAST BOSTON,2128,1,1,102
620,0100536024,0100536000,910.0,Saratoga ST,EAST BOSTON,2128,1,1,102
621,0100536026,0100536000,910.0,Saratoga ST,EAST BOSTON,2128,1,1,102
622,0100536028,0100536000,910.0,Saratoga ST,EAST BOSTON,2128,1,1,102
623,0100536030,0100536000,910.0,Saratoga ST,EAST BOSTON,2128,1,1,102
624,0100536032,0100536000,910.0,Saratoga ST,EAST BOSTON,2128,1,1,102
625,0100536034,0100536000,910.0,Saratoga ST,EAST BOSTON,2128,1,1,102
626,0100536036,0100536000,910.0,Saratoga ST,EAST BOSTON,2128,1,1,102
627,0100536038,0100536000,910.0,Saratoga ST,EAST BOSTON,2128,1,1,102
628,0100536040,0100536000,910.0,Saratoga ST,EAST BOSTON,2128,1,1,102
629,0100536042,0100536000,910.0,Saratoga ST,EAST BOSTON,2128,1,1,102
630,0100539000,0100539000,864.0,Saratoga ST,EAST BOSTON,2128,1,1,104
631,0100540000,0100540000,862.0,Saratoga ST,EAST BOSTON,2128,1,1,104
632,0100541000,0100541000,860.0,Saratoga ST,EAST BOSTON,2128,1,1,104
633,0100542000,0100542000,858.0,Saratoga ST,EAST BOSTON,2128,1,1,104
634,0100543000,0100543000,856.0,Saratoga ST,EAST BOSTON,2128,1,1,104
635,0100544000,0100544000,854.0,Saratoga ST,EAST BOSTON,2128,1,1,104
636,0100545000,0100545000,852.0,Saratoga ST,EAST BOSTON,2128,1,1,104
637,0100546000,0100546000,850.0,Saratoga ST,EAST BOSTON,2128,1,1,104
638,0100547000,0100547000,670.0,Saratoga ST,EAST BOSTON,2128,1,1,132
639,0100548000,0100548000,842.0,Saratoga ST,EAST BOSTON,2128,1,1,105
700,0100584000,0100584000,28.0,WORDSWORTH ST,EAST BOSTON,2128,1,1,995
640,0100548001,0100548001,838.0,Saratoga ST,EAST BOSTON,2128,1,1,105
641,0100548002,0100548002,834.0,Saratoga ST,EAST BOSTON,2128,1,1,105
6072,0104578000,0104578000,,Marginal ST,EAST BOSTON,2128,1,1,902
642,0100548003,0100548003,830.0,Saratoga ST,EAST BOSTON,2128,1,1,343
643,0100548100,0100548100,175.0,MCCLELLAN HW,EAST BOSTON,2128,1,1,316
644,0100548150,0100548150,144.0,Addison ST,BOSTON,2128,1,1,120
645,0100549001,0100549001,225.0,WM F MCCLELLAN HW,EAST BOSTON,2128,1,1,300
2435,0101989000,0101989000,,Gladstone ST,EAST BOSTON,2128,1,1,130
651,0100551000,0100551000,822.0,Saratoga ST,EAST BOSTON,2128,1,1,105
652,0100552000,0100552000,820.0,Saratoga ST,EAST BOSTON,2128,1,1,111
653,0100553000,0100553000,818.0,Saratoga ST,EAST BOSTON,2128,1,1,104
654,0100554000,0100554000,816.0,Saratoga ST,EAST BOSTON,2128,1,1,995
655,0100554002,0100554000,816.0,Saratoga ST,EAST BOSTON,2128,1,1,102
656,0100554004,0100554000,816.0,Saratoga ST,EAST BOSTON,2128,1,1,102
893,0100750000,0100750000,7.0,Curtis ST,EAST BOSTON,2128,1,1,325
657,0100555000,0100555000,814.0,Saratoga ST,EAST BOSTON,2128,1,1,104
658,0100556000,0100556000,810.0,Saratoga ST,EAST BOSTON,2128,1,1,101
659,0100557000,0100557000,804.0,Saratoga ST,EAST BOSTON,2128,1,1,320
660,0100557001,0100557001,,WORDSWORTH ST,EAST BOSTON,2128,1,1,130
661,0100558000,0100558000,96.0,WORDSWORTH ST,EAST BOSTON,2128,1,1,104
662,0100559000,0100559000,94.0,WORDSWORTH ST,EAST BOSTON,2128,1,1,106
802,0100664000,0100664000,,WORDSWORTH ST,EAST BOSTON,2128,1,1,132
663,0100560000,0100560000,92.0,WORDSWORTH ST,EAST BOSTON,2128,1,1,104
664,0100561000,0100561000,90.0,WORDSWORTH ST,EAST BOSTON,2128,1,1,101
665,0100562000,0100562000,88.0,WORDSWORTH ST,EAST BOSTON,2128,1,1,101
666,0100563000,0100563000,86.0,WORDSWORTH ST,EAST BOSTON,2128,1,1,101
667,0100564000,0100564000,82.0,WORDSWORTH ST,EAST BOSTON,2128,1,1,995
668,0100564002,0100564000,82.0,WORDSWORTH ST,EAST BOSTON,2128,1,1,102
669,0100564004,0100564000,84.0,WORDSWORTH ST,EAST BOSTON,2128,1,1,102
670,0100564010,0100564010,,WORDSWORTH ST,EAST BOSTON,2128,1,1,968
671,0100565000,0100565000,80.0,WORDSWORTH ST,EAST BOSTON,2128,1,1,101
672,0100566000,0100566000,78.0,WORDSWORTH ST,EAST BOSTON,2128,1,1,101
673,0100567000,0100567000,76.0,WORDSWORTH ST,EAST BOSTON,2128,1,1,995
674,0100567002,0100567000,76.0,WORDSWORTH ST,EAST BOSTON,2128,1,1,102
675,0100567004,0100567000,76.0,WORDSWORTH ST,EAST BOSTON,2128,1,1,102
676,0100568000,0100568000,74.0,WORDSWORTH ST,EAST BOSTON,2128,1,1,104
677,0100569000,0100569000,72.0,WORDSWORTH ST,EAST BOSTON,2128,1,1,125
678,0100570000,0100570000,70.0,WORDSWORTH ST,EAST BOSTON,2128,1,1,995
679,0100570002,0100570000,70.0,WORDSWORTH ST,EAST BOSTON,2128,1,1,102
735,0100611000,0100611000,155.0,Addison ST,EAST BOSTON,2128,1,1,985
680,0100570004,0100570000,70.0,WORDSWORTH ST,EAST BOSTON,2128,1,1,102
681,0100570006,0100570000,70.0,WORDSWORTH ST,EAST BOSTON,2128,1,1,102
682,0100571000,0100571000,66.0,WORDSWORTH ST,EAST BOSTON,2128,1,1,995
683,0100571002,0100571000,66.0,WORDSWORTH ST,EAST BOSTON,2128,1,1,102
684,0100571004,0100571000,66.0,WORDSWORTH ST,EAST BOSTON,2128,1,1,102
685,0100571006,0100571000,66.0,WORDSWORTH ST,EAST BOSTON,2128,1,1,102
686,0100571008,0100571000,66.0,WORDSWORTH ST,EAST BOSTON,2128,1,1,102
687,0100571010,0100571000,66.0,WORDSWORTH ST,EAST BOSTON,2128,1,1,102
764,0100636006,0100636000,64.0,Byron ST,EAST BOSTON,2128,1,1,102
688,0100572000,0100572000,62.0,WORDSWORTH ST,EAST BOSTON,2128,1,1,101
689,0100573000,0100573000,60.0,WORDSWORTH ST,EAST BOSTON,2128,1,1,104
690,0100574000,0100574000,58.0,WORDSWORTH ST,EAST BOSTON,2128,1,1,104
691,0100575000,0100575000,56.0,WORDSWORTH ST,EAST BOSTON,2128,1,1,104
692,0100576000,0100576000,54.0,WORDSWORTH ST,EAST BOSTON,2128,1,1,104
693,0100577000,0100577000,52.0,WORDSWORTH ST,EAST BOSTON,2128,1,1,101
694,0100578000,0100578000,50.0,WORDSWORTH ST,EAST BOSTON,2128,1,1,104
695,0100579000,0100579000,48.0,WORDSWORTH ST,EAST BOSTON,2128,1,1,104
4381,0103617016,0103617000,402.0,Meridian ST,EAST BOSTON,2128,1,1,108
696,0100580000,0100580000,46.0,WORDSWORTH ST,EAST BOSTON,2128,1,1,104
697,0100581000,0100581000,42.0,WORDSWORTH ST,EAST BOSTON,2128,1,1,104
698,0100582000,0100582000,,WORDSWORTH ST,EAST BOSTON,2128,1,1,130
699,0100583000,0100583000,30.0,WORDSWORTH ST,EAST BOSTON,2128,1,1,104
701,0100584002,0100584000,28.0,WORDSWORTH ST,EAST BOSTON,2128,1,1,102
702,0100584004,0100584000,28.0,WORDSWORTH ST,EAST BOSTON,2128,1,1,102
703,0100584006,0100584000,28.0,WORDSWORTH ST,EAST BOSTON,2128,1,1,102
704,0100585000,0100585000,26.0,WORDSWORTH ST,EAST BOSTON,2128,1,1,105
705,0100585001,0100585001,24.0,WORDSWORTH ST,EAST BOSTON,2128,1,1,105
706,0100586000,0100586000,22.0,WORDSWORTH ST,EAST BOSTON,2128,1,1,104
707,0100587000,0100587000,20.0,WORDSWORTH ST,EAST BOSTON,2128,1,1,104
708,0100588000,0100588000,18.0,WORDSWORTH ST,EAST BOSTON,2128,1,1,101
709,0100589000,0100589000,14.0,WORDSWORTH ST,EAST BOSTON,2128,1,1,104
710,0100590000,0100590000,12.0,WORDSWORTH ST,EAST BOSTON,2128,1,1,104
711,0100591000,0100591000,10.0,WORDSWORTH ST,EAST BOSTON,2128,1,1,104
712,0100592000,0100592000,,WORDSWORTH ST,EAST BOSTON,2128,1,1,465
713,0100594000,0100594000,73.0,Addison ST,EAST BOSTON,2128,1,1,332
715,0100596000,0100596000,81.0,Addison ST,EAST BOSTON,2128,1,1,101
716,0100597000,0100597000,85.0,Addison ST,EAST BOSTON,2128,1,1,332
717,0100598000,0100598000,87.0,Addison ST,EAST BOSTON,2128,1,1,995
718,0100598002,0100598000,87.0,Addison ST,EAST BOSTON,2128,1,1,102
719,0100598004,0100598000,87.0,Addison ST,EAST BOSTON,2128,1,1,102
720,0100599000,0100599000,95.0,Addison ST,EAST BOSTON,2128,1,1,130
721,0100600000,0100600000,99.0,Addison ST,EAST BOSTON,2128,1,1,111
722,0100601000,0100601000,113.0,Addison ST,EAST BOSTON,2128,1,1,995
723,0100601002,0100601000,113.0,Addison ST,EAST BOSTON,2128,1,1,102
724,0100601004,0100601000,113.0,Addison ST,EAST BOSTON,2128,1,1,102
725,0100602000,0100602000,117.0,Addison ST,EAST BOSTON,2128,1,1,104
726,0100603000,0100603000,121.0,Addison ST,EAST BOSTON,2128,1,1,112
727,0100603010,0100603010,119.0,Addison ST,EAST BOSTON,2128,1,1,112
728,0100604000,0100604000,125.0,Addison ST,EAST BOSTON,2128,1,1,101
2436,0101990000,0101990000,,Gladstone ST,EAST BOSTON,2128,1,1,130
729,0100605000,0100605000,131.0,Addison ST,EAST BOSTON,2128,1,1,101
730,0100606000,0100606000,135.0,Addison ST,EAST BOSTON,2128,1,1,104
731,0100607000,0100607000,,Addison ST,EAST BOSTON,2128,1,1,317
732,0100608000,0100608000,141.0,Addison ST,EAST BOSTON,2128,1,1,343
733,0100608001,0100608001,,Addison ST,EAST BOSTON,2128,1,1,968
734,0100610000,0100610000,143.0,Addison ST,EAST BOSTON,2128,1,1,968
736,0100613000,0100613000,798.0,Saratoga ST,EAST BOSTON,2128,1,1,105
13637,0202055000,0202055000,38.0,PARKER ST,CHARLESTOWN,2129,1,1,130
737,0100614000,0100614000,796.0,Saratoga ST,EAST BOSTON,2128,1,1,105
738,0100615000,0100615000,794.0,Saratoga ST,EAST BOSTON,2128,1,1,105
739,0100616000,0100616000,792.0,Saratoga ST,EAST BOSTON,2128,1,1,995
740,0100616002,0100616000,792.0,Saratoga ST,EAST BOSTON,2128,1,1,102
741,0100616004,0100616000,792.0,Saratoga ST,EAST BOSTON,2128,1,1,102
742,0100617000,0100617000,790.0,Saratoga ST,EAST BOSTON,2128,1,1,105
743,0100618000,0100618000,788.0,Saratoga ST,EAST BOSTON,2128,1,1,104
744,0100619000,0100619000,786.0,Saratoga ST,EAST BOSTON,2128,1,1,105
745,0100620000,0100620000,784.0,Saratoga ST,EAST BOSTON,2128,1,1,105
746,0100621000,0100621000,114.0,Byron ST,EAST BOSTON,2128,1,1,104
747,0100622000,0100622000,112.0,Byron ST,EAST BOSTON,2128,1,1,104
771,0100639000,0100639000,56.0,Byron ST,EAST BOSTON,2128,1,1,995
748,0100623000,0100623000,108.0,Byron ST,EAST BOSTON,2128,1,1,104
749,0100624000,0100624000,106.0,Byron ST,EAST BOSTON,2128,1,1,104
750,0100625000,0100625000,104.0,Byron ST,EAST BOSTON,2128,1,1,109
767,0100638002,0100638000,58.0,Byron ST,EAST BOSTON,2128,1,1,102
751,0100627000,0100627000,96.0,Byron ST,EAST BOSTON,2128,1,1,105
1134,0100955000,0100955000,150.0,Byron ST,EAST BOSTON,2128,1,1,945
752,0100627001,0100627001,94.0,Byron ST,EAST BOSTON,2128,1,1,105
753,0100628000,0100628000,90.0,Byron ST,EAST BOSTON,2128,1,1,101
754,0100629000,0100629000,84.0,Byron ST,EAST BOSTON,2128,1,1,104
755,0100630000,0100630000,76.0,Byron ST,EAST BOSTON,2128,1,1,101
756,0100631000,0100631000,74.0,Byron ST,EAST BOSTON,2128,1,1,104
757,0100632000,0100632000,72.0,Byron ST,EAST BOSTON,2128,1,1,104
758,0100633000,0100633000,70.0,Byron ST,EAST BOSTON,2128,1,1,104
759,0100634000,0100634000,68.0,Byron ST,EAST BOSTON,2128,1,1,104
760,0100635000,0100635000,66.0,Byron ST,EAST BOSTON,2128,1,1,105
761,0100636000,0100636000,64.0,Byron ST,EAST BOSTON,2128,1,1,995
762,0100636002,0100636000,64.0,Byron ST,EAST BOSTON,2128,1,1,102
763,0100636004,0100636000,64.0,Byron ST,EAST BOSTON,2128,1,1,102
765,0100637000,0100637000,60.0,Byron ST,EAST BOSTON,2128,1,1,104
766,0100638000,0100638000,58.0,Byron ST,EAST BOSTON,2128,1,1,995
800,0100662001,0100662001,,WORDSWORTH ST,EAST BOSTON,2128,1,1,132
6073,0104579000,0104579000,,Marginal ST,EAST BOSTON,2128,1,1,902
768,0100638004,0100638000,58.0,Byron ST,EAST BOSTON,2128,1,1,102
769,0100638006,0100638000,58.0,Byron ST,EAST BOSTON,2128,1,1,102
770,0100638008,0100638000,58.0,Byron ST,EAST BOSTON,2128,1,1,102
2437,0101991000,0101991000,,Gladstone ST,EAST BOSTON,2128,1,1,130
772,0100639002,0100639000,56.0,Byron ST,EAST BOSTON,2128,1,1,102
773,0100639004,0100639000,56.0,Byron ST,EAST BOSTON,2128,1,1,102
774,0100640000,0100640000,52.0,Byron ST,EAST BOSTON,2128,1,1,105
775,0100641000,0100641000,48.0,Byron ST,EAST BOSTON,2128,1,1,101
776,0100642000,0100642000,7.0,WORDSWORTH ST,EAST BOSTON,2128,1,1,120
777,0100644010,0100644010,9.0,WORDSWORTH ST,EAST BOSTON,2128,1,1,105
778,0100644020,0100644020,9.0,WORDSWORTH ST,EAST BOSTON,2128,1,1,105
779,0100645000,0100645000,11.0,WORDSWORTH ST,EAST BOSTON,2128,1,1,105
780,0100646000,0100646000,13.0,WORDSWORTH ST,EAST BOSTON,2128,1,1,105
781,0100647000,0100647000,15.0,WORDSWORTH ST,EAST BOSTON,2128,1,1,105
782,0100648000,0100648000,17.0,WORDSWORTH ST,EAST BOSTON,2128,1,1,105
1015,0100868000,0100868000,84.0,MOORE ST,EAST BOSTON,2128,1,1,111
783,0100649000,0100649000,19.0,WORDSWORTH ST,EAST BOSTON,2128,1,1,105
801,0100663000,0100663000,,WORDSWORTH ST,EAST BOSTON,2128,1,1,132
784,0100650000,0100650000,21.0,WORDSWORTH ST,EAST BOSTON,2128,1,1,105
785,0100651000,0100651000,23.0,WORDSWORTH ST,EAST BOSTON,2128,1,1,104
786,0100652000,0100652000,25.0,WORDSWORTH ST,EAST BOSTON,2128,1,1,105
787,0100653000,0100653000,27.0,WORDSWORTH ST,EAST BOSTON,2128,1,1,104
788,0100654000,0100654000,29.0,WORDSWORTH ST,EAST BOSTON,2128,1,1,101
789,0100655000,0100655000,31.0,WORDSWORTH ST,EAST BOSTON,2128,1,1,101
790,0100656000,0100656000,33.0,WORDSWORTH ST,EAST BOSTON,2128,1,1,104
791,0100657000,0100657000,35.0,WORDSWORTH ST,EAST BOSTON,2128,1,1,104
792,0100658000,0100658000,37.0,WORDSWORTH ST,EAST BOSTON,2128,1,1,104
793,0100659000,0100659000,39.0,WORDSWORTH ST,EAST BOSTON,2128,1,1,104
794,0100660000,0100660000,41.0,WORDSWORTH ST,EAST BOSTON,2128,1,1,105
795,0100661000,0100661000,43.0,WORDSWORTH ST,EAST BOSTON,2128,1,1,995
796,0100661002,0100661000,43.0,WORDSWORTH ST,EAST BOSTON,2128,1,1,102
797,0100661004,0100661000,43.0,WORDSWORTH ST,EAST BOSTON,2128,1,1,102
798,0100661006,0100661000,43.0,WORDSWORTH ST,EAST BOSTON,2128,1,1,102
799,0100662000,0100662000,45.0,WORDSWORTH ST,EAST BOSTON,2128,1,1,104
803,0100665000,0100665000,51.0,WORDSWORTH ST,EAST BOSTON,2128,1,1,105
804,0100666000,0100666000,53.0,WORDSWORTH ST,EAST BOSTON,2128,1,1,105
805,0100667000,0100667000,55.0,WORDSWORTH ST,EAST BOSTON,2128,1,1,104
806,0100668000,0100668000,57.0,WORDSWORTH ST,EAST BOSTON,2128,1,1,104
807,0100669000,0100669000,59.0,WORDSWORTH ST,EAST BOSTON,2128,1,1,125
808,0100670000,0100670000,61.0,WORDSWORTH ST,EAST BOSTON,2128,1,1,104
809,0100671000,0100671000,63.0,WORDSWORTH ST,EAST BOSTON,2128,1,1,104
810,0100672000,0100672000,65.0,WORDSWORTH ST,EAST BOSTON,2128,1,1,104
811,0100673000,0100673000,67.0,WORDSWORTH ST,EAST BOSTON,2128,1,1,104
812,0100674000,0100674000,69.0,WORDSWORTH ST,EAST BOSTON,2128,1,1,104
813,0100675000,0100675000,71.0,WORDSWORTH ST,EAST BOSTON,2128,1,1,104
814,0100676000,0100676000,73.0,WORDSWORTH ST,EAST BOSTON,2128,1,1,104
815,0100677000,0100677000,75.0,WORDSWORTH ST,EAST BOSTON,2128,1,1,104
816,0100679000,0100679000,,WORDSWORTH ST,EAST BOSTON,2128,1,1,132
817,0100680000,0100680000,760.0,Saratoga ST,EAST BOSTON,2128,1,1,985
818,0100681000,0100681000,756.0,Saratoga ST,EAST BOSTON,2128,1,1,105
819,0100682000,0100682000,754.0,Saratoga ST,EAST BOSTON,2128,1,1,101
820,0100683000,0100683000,750.0,Saratoga ST,EAST BOSTON,2128,1,1,105
827,0100690000,0100690000,728.0,Saratoga ST,EAST BOSTON,2128,1,1,101
821,0100684000,0100684000,746.0,Saratoga ST,EAST BOSTON,2128,1,1,105
822,0100685000,0100685000,670.0,Saratoga ST,EAST BOSTON,2128,1,1,132
823,0100686000,0100686000,742.0,Saratoga ST,EAST BOSTON,2128,1,1,101
824,0100687000,0100687000,740.0,Saratoga ST,EAST BOSTON,2128,1,1,105
825,0100688000,0100688000,736.0,Saratoga ST,EAST BOSTON,2128,1,1,105
826,0100689000,0100689000,730.0,Saratoga ST,EAST BOSTON,2128,1,1,104
2438,0101992000,0101992000,,Gladstone ST,EAST BOSTON,2128,1,1,130
828,0100691000,0100691000,726.0,Saratoga ST,EAST BOSTON,2128,1,1,101
829,0100692000,0100692000,724.0,Saratoga ST,EAST BOSTON,2128,1,1,105
830,0100693000,0100693000,722.0,Saratoga ST,EAST BOSTON,2128,1,1,105
831,0100694000,0100694000,718.0,Saratoga ST,EAST BOSTON,2128,1,1,105
832,0100694001,0100694001,714.0,Saratoga ST,EAST BOSTON,2128,1,1,105
850,0100713000,0100713000,55.0,Byron ST,EAST BOSTON,2128,1,1,995
833,0100695000,0100695000,39.0,MOORE ST,EAST BOSTON,2128,1,1,104
834,0100696000,0100696000,35.0,MOORE ST,EAST BOSTON,2128,1,1,104
835,0100697000,0100697000,31.0,MOORE ST,EAST BOSTON,2128,1,1,104
5576,0104198000,0104198000,,Neptune RD,EAST BOSTON,2128,1,1,986
836,0100698000,0100698000,27.0,MOORE ST,EAST BOSTON,2128,1,1,105
837,0100699000,0100699000,25.0,MOORE ST,EAST BOSTON,2128,1,1,105
2439,0101993000,0101993000,,ORIENT AV,EAST BOSTON,2128,1,1,906
838,0100700000,0100700000,21.0,MOORE ST,EAST BOSTON,2128,1,1,104
839,0100701000,0100701000,19.0,MOORE ST,EAST BOSTON,2128,1,1,104
840,0100702000,0100702000,,MOORE ST,EAST BOSTON,2128,1,1,132
841,0100703000,0100703000,15.0,MOORE ST,EAST BOSTON,2128,1,1,101
842,0100704000,0100704000,5.0,MOORE ST,EAST BOSTON,2128,1,1,104
843,0100705000,0100705000,3.0,MOORE ST,EAST BOSTON,2128,1,1,101
1033,0100874000,0100874000,6.0,HARMONY ST,EAST BOSTON,2128,1,1,343
844,0100706000,0100706000,1.0,MOORE ST,EAST BOSTON,2128,1,1,101
845,0100707000,0100707000,119.0,WM F MCCLELLAN HW,EAST BOSTON,2128,1,1,101
846,0100708000,0100708000,121.0,WM F MCCLELLAN HW,EAST BOSTON,2128,1,1,101
847,0100709000,0100709000,45.0,Byron ST,EAST BOSTON,2128,1,1,101
848,0100710000,0100710000,49.0,Byron ST,EAST BOSTON,2128,1,1,104
849,0100711000,0100711000,53.0,Byron ST,EAST BOSTON,2128,1,1,101
851,0100713002,0100713000,55.0,Byron ST,EAST BOSTON,2128,1,1,102
852,0100713004,0100713000,55.0,Byron ST,EAST BOSTON,2128,1,1,102
1306,0101125000,0101125000,163.0,Byron ST,EAST BOSTON,2128,1,1,111
853,0100713006,0100713000,55.0,Byron ST,EAST BOSTON,2128,1,1,102
854,0100713008,0100713000,55.0,Byron ST,EAST BOSTON,2128,1,1,102
855,0100713010,0100713000,55.0,Byron ST,EAST BOSTON,2128,1,1,102
856,0100714000,0100714000,59.0,Byron ST,EAST BOSTON,2128,1,1,101
857,0100715000,0100715000,61.0,Byron ST,EAST BOSTON,2128,1,1,101
858,0100716000,0100716000,63.0,Byron ST,EAST BOSTON,2128,1,1,101
859,0100717000,0100717000,67.0,Byron ST,EAST BOSTON,2128,1,1,105
860,0100718000,0100718000,71.0,Byron ST,EAST BOSTON,2128,1,1,101
861,0100719000,0100719000,77.0,Byron ST,EAST BOSTON,2128,1,1,995
2440,0101994000,0101994000,,ORIENT AV,EAST BOSTON,2128,1,1,906
862,0100719002,0100719000,77.0,Byron ST,EAST BOSTON,2128,1,1,102
863,0100719004,0100719000,77.0,Byron ST,EAST BOSTON,2128,1,1,102
864,0100719006,0100719000,77.0,Byron ST,EAST BOSTON,2128,1,1,102
865,0100720000,0100720000,79.0,Byron ST,EAST BOSTON,2128,1,1,105
866,0100721000,0100721000,81.0,Byron ST,EAST BOSTON,2128,1,1,104
867,0100722000,0100722000,83.0,Byron ST,EAST BOSTON,2128,1,1,101
868,0100723000,0100723000,85.0,Byron ST,EAST BOSTON,2128,1,1,104
959,0100817010,0100817010,685.0,Saratoga ST,EAST BOSTON,2128,1,1,995
869,0100724000,0100724000,87.0,Byron ST,EAST BOSTON,2128,1,1,101
870,0100725000,0100725000,89.0,Byron ST,EAST BOSTON,2128,1,1,104
871,0100726000,0100726000,93.0,Byron ST,EAST BOSTON,2128,1,1,105
872,0100727000,0100727000,97.0,Byron ST,EAST BOSTON,2128,1,1,101
2441,0101995000,0101995000,,ORIENT AV,EAST BOSTON,2128,1,1,906
874,0100729000,0100729000,30.0,MOORE ST,EAST BOSTON,2128,1,1,104
875,0100730000,0100730000,,MOORE ST,EAST BOSTON,2128,1,1,130
876,0100731000,0100731000,36.0,MOORE ST,EAST BOSTON,2128,1,1,105
877,0100732000,0100732000,38.0,MOORE ST,EAST BOSTON,2128,1,1,104
878,0100733000,0100733000,42.0,MOORE ST,EAST BOSTON,2128,1,1,031
879,0100735000,0100735000,708.0,Saratoga ST,EAST BOSTON,2128,1,1,104
1034,0100877000,0100877000,69.0,MOORE ST,EAST BOSTON,2128,1,1,031
880,0100736000,0100736000,704.0,Saratoga ST,EAST BOSTON,2128,1,1,104
881,0100737000,0100737000,702.0,Saratoga ST,EAST BOSTON,2128,1,1,101
882,0100738000,0100738000,696.0,Saratoga ST,EAST BOSTON,2128,1,1,104
883,0100739000,0100739000,694.0,Saratoga ST,EAST BOSTON,2128,1,1,101
884,0100740000,0100740000,690.0,Saratoga ST,EAST BOSTON,2128,1,1,104
885,0100741000,0100741000,686.0,Saratoga ST,EAST BOSTON,2128,1,1,101
886,0100742000,0100742000,682.0,Saratoga ST,EAST BOSTON,2128,1,1,101
887,0100743010,0100743010,680.0,Saratoga ST,EAST BOSTON,2128,1,1,104
888,0100743020,0100743020,678.0,Saratoga ST,EAST BOSTON,2128,1,1,105
889,0100744000,0100744000,674.0,Saratoga ST,EAST BOSTON,2128,1,1,111
890,0100746000,0100746000,670.0,Saratoga ST,EAST BOSTON,2128,1,1,132
891,0100747000,0100747000,666.0,Saratoga ST,EAST BOSTON,2128,1,1,105
892,0100748000,0100748000,662.0,Saratoga ST,EAST BOSTON,2128,1,1,111
894,0100751000,0100751000,19.0,CHAUCER ST,EAST BOSTON,2128,1,1,101
895,0100752000,0100752000,25.0,CHAUCER ST,EAST BOSTON,2128,1,1,125
896,0100753000,0100753000,27.0,CHAUCER ST,EAST BOSTON,2128,1,1,125
897,0100754000,0100754000,31.0,CHAUCER ST,EAST BOSTON,2128,1,1,105
898,0100754001,0100754001,,CHAUCER ST,EAST BOSTON,2128,1,1,132
899,0100755000,0100755000,35.0,CHAUCER ST,EAST BOSTON,2128,1,1,104
1360,0101170000,0101170000,,Cowper ST,EAST BOSTON,2128,1,1,106
900,0100756000,0100756000,37.0,CHAUCER ST,EAST BOSTON,2128,1,1,101
901,0100757000,0100757000,39.0,CHAUCER ST,EAST BOSTON,2128,1,1,104
902,0100758000,0100758000,43.0,CHAUCER ST,EAST BOSTON,2128,1,1,101
903,0100759000,0100759000,47.0,CHAUCER ST,EAST BOSTON,2128,1,1,101
1064,0100898000,0100898000,,Bennington ST,EAST BOSTON,2128,1,1,976
904,0100760000,0100760000,49.0,CHAUCER ST,EAST BOSTON,2128,1,1,105
2442,0101996000,0101996000,,ORIENT AV,EAST BOSTON,2128,1,1,985
905,0100760005,0100760005,53.0,CHAUCER ST,EAST BOSTON,2128,1,1,101
906,0100761000,0100761000,55.0,CHAUCER ST,EAST BOSTON,2128,1,1,104
907,0100761010,0100761010,57.0,CHAUCER ST,EAST BOSTON,2128,1,1,101
908,0100762000,0100762000,660.0,Saratoga ST,EAST BOSTON,2128,1,1,111
909,0100763000,0100763000,670.0,Saratoga ST,EAST BOSTON,2128,1,1,132
910,0100764000,0100764000,656.0,Saratoga ST,EAST BOSTON,2128,1,1,112
911,0100767000,0100767000,670.0,Saratoga ST,EAST BOSTON,2128,1,1,112
912,0100768000,0100768000,670.0,Saratoga ST,EAST BOSTON,2128,1,1,112
913,0100769000,0100769000,638.0,Saratoga ST,EAST BOSTON,2128,1,1,104
914,0100770000,0100770000,636.0,Saratoga ST,EAST BOSTON,2128,1,1,104
915,0100771000,0100771000,634.0,Saratoga ST,EAST BOSTON,2128,1,1,104
916,0100772000,0100772000,630.0,Saratoga ST,EAST BOSTON,2128,1,1,105
917,0100773000,0100773000,628.0,Saratoga ST,EAST BOSTON,2128,1,1,104
2189,0101797008,0101797000,115.0,Boardman ST,EAST BOSTON,2128,1,1,908
918,0100774000,0100774000,622.0,Saratoga ST,EAST BOSTON,2128,1,1,104
919,0100775000,0100775000,618.0,Saratoga ST,EAST BOSTON,2128,1,1,104
920,0100776000,0100776000,614.0,Saratoga ST,EAST BOSTON,2128,1,1,104
921,0100777000,0100777000,610.0,Saratoga ST,EAST BOSTON,2128,1,1,104
6074,0104580000,0104580000,,Marginal ST,EAST BOSTON,2128,1,1,902
922,0100778000,0100778000,606.0,Saratoga ST,EAST BOSTON,2128,1,1,104
2190,0101797010,0101797000,115.0,Boardman ST,EAST BOSTON,2128,1,1,908
923,0100779000,0100779000,602.0,Saratoga ST,EAST BOSTON,2128,1,1,101
924,0100779002,0100779002,,WM F MCCLELLAN HW,EAST BOSTON,2128,1,1,985
925,0100780000,0100780000,,WM F MCCLELLAN HW,EAST BOSTON,2128,1,1,985
926,0100782000,0100782000,,WM F MCCLELLAN HW,EAST BOSTON,2128,1,1,985
927,0100784000,0100784000,,WM F MCCLELLAN HW,EAST BOSTON,2128,1,1,132
928,0100786000,0100786000,670.0,Saratoga ST,EAST BOSTON,2128,1,1,132
929,0100788000,0100788000,,WM F MCCLELLAN HW,EAST BOSTON,2128,1,1,112
930,0100789000,0100789000,,WM F MCCLELLAN HW,EAST BOSTON,2128,1,1,112
931,0100790000,0100790000,,WM F MCCLELLAN HW,EAST BOSTON,2128,1,1,112
932,0100791000,0100791000,3.0,CHAUCER ST,EAST BOSTON,2128,1,1,105
933,0100792000,0100792000,5.0,CHAUCER ST,EAST BOSTON,2128,1,1,105
934,0100793001,0100793001,9.0,CHAUCER ST,EAST BOSTON,2128,1,1,104
935,0100794000,0100794000,8.0,Curtis ST,EAST BOSTON,2128,1,1,105
936,0100795010,0100795010,58.0,MOORE ST,EAST BOSTON,2128,1,1,904
937,0100797000,0100797000,,Bennington ST,EAST BOSTON,2128,1,1,985
938,0100798000,0100798000,548.0,Bennington ST,EAST BOSTON,2128,1,1,105
2191,0101797012,0101797000,115.0,Boardman ST,EAST BOSTON,2128,1,1,908
939,0100799000,0100799000,546.0,Bennington ST,EAST BOSTON,2128,1,1,105
940,0100800000,0100800000,544.0,Bennington ST,EAST BOSTON,2128,1,1,101
941,0100800001,0100800001,542.0,Bennington ST,EAST BOSTON,2128,1,1,106
942,0100801000,0100801000,540.0,Bennington ST,EAST BOSTON,2128,1,1,105
13575,0202005002,0202005002,,Main ST,CHARLESTOWN,2129,1,1,902
943,0100802000,0100802000,536.0,Bennington ST,EAST BOSTON,2128,1,1,105
944,0100803000,0100803000,534.0,Bennington ST,EAST BOSTON,2128,1,1,105
945,0100804000,0100804000,532.0,Bennington ST,EAST BOSTON,2128,1,1,101
946,0100805000,0100805000,530.0,Bennington ST,EAST BOSTON,2128,1,1,104
947,0100806000,0100806000,528.0,Bennington ST,EAST BOSTON,2128,1,1,104
948,0100807000,0100807000,524.0,Bennington ST,EAST BOSTON,2128,1,1,105
949,0100808000,0100808000,1.0,Curtis ST,EAST BOSTON,2128,1,1,013
950,0100809000,0100809000,665.0,Saratoga ST,EAST BOSTON,2128,1,1,104
951,0100810000,0100810000,669.0,Saratoga ST,EAST BOSTON,2128,1,1,101
952,0100811000,0100811000,671.0,Saratoga ST,EAST BOSTON,2128,1,1,104
953,0100812000,0100812000,673.0,Saratoga ST,EAST BOSTON,2128,1,1,104
954,0100813000,0100813000,675.0,Saratoga ST,EAST BOSTON,2128,1,1,105
955,0100814000,0100814000,677.0,Saratoga ST,EAST BOSTON,2128,1,1,101
962,0100818000,0100818000,689.0,Saratoga ST,EAST BOSTON,2128,1,1,101
956,0100815000,0100815000,679.0,Saratoga ST,EAST BOSTON,2128,1,1,105
957,0100816000,0100816000,681.0,Saratoga ST,EAST BOSTON,2128,1,1,105
958,0100817000,0100817000,687.0,Saratoga ST,EAST BOSTON,2128,1,1,104
960,0100817012,0100817010,685.0,Saratoga ST,EAST BOSTON,2128,1,1,102
961,0100817014,0100817010,685.0,Saratoga ST,EAST BOSTON,2128,1,1,102
976,0100835001,0100835001,631.0,Saratoga ST,EAST BOSTON,2128,1,1,995
963,0100819000,0100819000,691.0,Saratoga ST,EAST BOSTON,2128,1,1,104
964,0100820000,0100820000,516.0,Bennington ST,EAST BOSTON,2128,1,1,101
